id,name,short_name,parent_name,language,date,record_type,locale,description
ede1de29-168f-4ae5-a3d4-da94f98089de,Testament of Berengarius de Bulbono (AMM 2 II 287),AMM 2 II 287 (de Bulbono),"Archives municipales de la ville de Marseille, Charter 2 II 287",Latin,1360,Testament,"Marseille, Bouches-du-Rhône, France","This charter records the testament of Berengarius de Bulbono. It has not been transcribed, and is made available here for readers interested in consulting his inventory, available elsewhere in the DALME collection."
edf0de54-c935-4729-8341-ec315a34e89c,Inventory of Philippus Lamberti (ADBR 355E 48),ADBR 355E 48 (Lamberti),"Archives départementales des Bouches-du-Rhône, Register 355E 48",Latin,21-Jul-1395,Inventory-Division,"Marseille, Bouches-du-Rhône, France","Philippus Lamberti wrote a testament on 10 March 1390 in which he named as his heirs in equal shares Dulcieta, his wife, and his two sons, Huguetus and Bartholomayretus. Bartholomayretus, and probably Huguetus as well, is the son of a previous wife named Jacmeta. Huguetus has already received his third part, and the remaining 2/3rds are to be shared between Bartholomayretus and Dulcieta. Dulcieta is due her dowry and counter-dowry, amounting to 100 florins. The two agree on an arbitration. Dulcieta chose Petrus Athos, a common friend, and Anthonius Torcati, her brother, to represent her interests in the arbitration. Bartholomayretus, for his part, chooses Laurencius Aycardi, notary, and magister Gaufridus Aycardi, a cooper, who are his cousins. "
2b389e21-5c2d-425f-adf7-aead377d1a52,Inventory of Pellegrinus (ADBR 351E 79),ADBR 351E 79 (Pellegrinus),"Archives départementales des Bouches-du-Rhône, Register 351E 79",Latin,7-Jul-1392,Inventory-Dowry,"Marseille, Bouches-du-Rhône, France","This act provides a list of goods that appear to have been given to Anthoneta, widow of Pellegrinus, to compensate her for her dowry of 52 florins. She has an infant son named Horonadetus. Damage to register has caused a number of items to be lost. "
0764bbb6-71db-4974-982f-7426e7873030,Inventory of Raymundus Santolhi (ADBR 351E 210),ADBR 351E 210 (Santolhi),"Archives départementales des Bouches-du-Rhône, Register 351E 210",Latin,1-Jan-1415,Inventory-Division,"Marseille, Bouches-du-Rhône, France","In his testament, Raymundus had named his grandchildren, Monnetus and Peyretus Santolhi, sons of his deceased son Johannes Santolhi, as his heirs for half his goods. Antonius Santolhi, his surviving son, is heir to the other half and also was named as their tutor. Now, Monnetus has reached the age of 20 years, and wants to divide the estate. A division ensues. "
fb641724-f4d0-4736-aa0c-025b325d5c9a,Inventory of Bernardus de Favacio (ADBR 3 HD H 8),ADBR 3 HD H 8 (de Favacio),"Archives départementales des Bouches-du-Rhône, Charter 3 HD H 8",Latin,27-Jul-1361,Inventory-Taking up inheritance,"Marseille, Bouches-du-Rhône, France","Marquesius de Favacio is the son and heir of the late Bernardus de Favacio. He is also the guardian of Margarideta de Favacio, daughter and heir of the late Aycardus de Favacio, Marquesius's brother and coheir of the estate. The inventory of Bernardus's estate includes many interesting items, such as a set of sheets for use in childbirth. The inventory was originally transcribed by Christine Barnel with corrections and editions by D. Smail. Bibliography: Ripert, Laurent, Christine Barnel, Henri Bresc, Pascal Herberth, and Florence Colin, eds. Matériaux pour l’étude de la vie domestique et de la culture matérielle en Provence aux derniers siècles du Moyen Age. Razo (Nice). Cahiers du centre d’études médiévales de Nice 13. Pp. 53-58. Nice, France: Université de Nice, 1993."
95d8f2b2-cb3f-472f-8e35-e5efebbe51fe,Inventory of Benedictus de Tortosa (AMM 1 II 44),AMM 1 II 44 (Tortosa),"Archives municipales de la ville de Marseille, Register 1 II 44",Latin,23-May-1348,Inventory-Postmortem,"Marseille, Bouches-du-Rhône, France","Two women appeared in court to announce that the merchant Benedictus de Tortosa has died, leaving his estate to his two heirs. The first is Bartholomea Heleria, the wife of Bertrandus Helie, and sister of Benedictus. The second is Jacmeta, the wife of the late Guillelmus de Tortosa, who is acting as the guardian of her son Andrivetus, the nephew of Benedictus. They request permission to undertake an inventory of the estate. This is an extensive inventory and includes, among other things, an interesting set of armor and weapons."
96b6ddac-a744-4b37-8755-147b3395ca78,Register of Saint-Esprit (ADBR 1HD E15),ADBR 1HD E15 (Saint-Esprit),"Archives départementales des Bouches-du-Rhône, Register 1HD E15",Old Provençal,1365,unclear,"Marseille, Bouches-du-Rhône, France",To come
98b30ba4-b986-4d57-a81b-a2c6b1d19e93,Inventory of Dulciana Dalbare (AMM FF 501),AMM FF 501 (Dalbare),"Archives municipales de la ville de Marseille, Register FF 501",Latin,30-Jul-1297,Inventory-Taking up inheritance,"Marseille, Bouches-du-Rhône, France","Dulciana, the wife of Johannes Dalbar, has died, and her heir, Audebertus Desderii, appears in court to undertake the inventory. "
02a29c36-7fac-4153-8e8a-697473cc5f08,Auction of the goods of Guillelmus Gayroardi (ADBR 3B 150),ADBR 3B 150 (Gayroardi),"Archives départementales des Bouches-du-Rhône, Register 3B 150",Latin,20-Jun-1412,Auction,"Marseille, Bouches-du-Rhône, France","Because Guillelmus Gayroardi owed 2 florins and 4 gros to Bertrandus Moro for unpaid rent on a house, Bertrandus had had his goods subjected to an inventory. Both parties now appeared in court and have agreed to have the goods sold at auction in order to avoid further legal action. It is not clear whether the items listed on folio 45v were part of this action or a separate action."
e60ee391-d731-4aef-98bb-7f77295bb0a4,Inventory of Jacobus Fornerii (ADBR 3B 145),ADBR 3B 145 (Fornerii),"Archives départementales des Bouches-du-Rhône, Register 3B 145",Latin,28-Sep-1405,Inventory-Taking up inheritance,"Marseille, Bouches-du-Rhône, France","Bertrandus Morlani, the nephew of Jacobus Fornerii, a peasant or a miller, appear in court. He explains to the judge that his uncle died on the 2nd of May of this year and named Bertrandus as his heir. He wishes to take up the inheritance with benefit of inventory. Although this is a relatively rudimentary estate, it does include a sword and two shields."
43ee6fbb-d6fe-41b0-b45d-d3f370ffe6ec,Inventory of Jacobus Hospitalerii (ADBR 355E 34),ADBR 355E 34 (Hospitalerii),"Archives départementales des Bouches-du-Rhône, Register 355E 34",Latin,16-Feb-1350,Inventory-Postmortem,"Marseille, Bouches-du-Rhône, France","Jacobus Hospitalerii was an exceedingly poor man who died alone and friendless in the Black Death or a year or two later. When his abandoned goods were discovered, the court assigned Aragonus de Rabastenco to compile an inventory. This inventory offers an excellent example of the grinding poverty in which some people suffered in a medieval city (note the presence of a single boot). "
fdcad25d-ac3b-446d-8d96-3f47e0b82281,Inventory of Jacobus Albini (ADBR 3B 140),ADBR 3B 140 (Albini),"Archives départementales des Bouches-du-Rhône, Register 3B 140",Latin,27-Feb-1403,Inventory-Criminal Inquest,"Marseille, Bouches-du-Rhône, France","Jacobus had killed Johannes Areati. During the course of the inquest into the killing, an inventory was made of Jacobus’s estate. Unlike post-mortem inventories from the period, even those of relatively middling artisans, this inventory reveals a distinct absence of fine goods, clothing, and even foodstuffs. The inventory was conducted by the notary of the court, accompanied by the sub-viguier and the vice-treasurer of the city"
ace4f6f5-467d-45c2-bb88-3fe3526fc427,Record of an auction (ADBR 3B 150),ADBR 3B 150 (Auction),"Archives départementales des Bouches-du-Rhône, Register 3B 150",Latin,Apr-1412,Auction,"Marseille, Bouches-du-Rhône, France",to come
b3bd2f78-061e-44f1-9afe-735a51d0d98f,Goods consigned to Salamonetus Boneti and to Regina wife of Cregutus Profachi (ADBR 3B 150),ADBR 3B 150 (Goods),"Archives départementales des Bouches-du-Rhône, Register 3B 150",Latin,5-Jan-1413,Inventory-Comanda,"Marseille, Bouches-du-Rhône, France","Though no context is provided for this act, it appears to consist of a list of pledges or pawned goods that, for reasons unknown, were being transmitted into the keeping of Salamonetus Boneti and Regina, wife of Cregutus Profachi. It is reasonable to understand this act as equivalent to an inventory of a pawn shop. "
a0a9e400-2191-4354-9793-660c55c536c7,"Inventory of Marques de Favacio (ADBR 3 HD H 12, pièce 7)","ADBR 3 HD H 12, pièce 7 (de Favacio)","Archives départementales des Bouches-du-Rhône, Charter 3 HD H 12",Latin,3-Oct-1373,Inventory-Postmortem,"Marseille, Bouches-du-Rhône, France","Lady Catharina de Favacio, widow of the late Marquesius de Favacio, is pregnant, and for this reason, the judge of the lower court of Marseille has come to her house in order to set in motion the inventory of the estate. In the judge's presence, Catharina explains that her husband died not long ago, having left a testament in which he named his wife as the guardian for the couple's children. She wishes to accept the guardianship but requests that Guillelmus de Favacio, the children's paternal uncle, be named as a co-guardian. The inventory includes a transcription of the account book of Marquesius's drapery business, listing dozens of fabrics from all over Europe along with their prices per cane. The inventory was originally transcribed by Christine Barnel, with corrections and additions by D. Smail.Bibliography. Ripert, Laurent, Christine Barnel, Henri Bresc, Pascal Herberth, and Florence Colin, eds. Matériaux pour l’étude de la vie domestique et de la culture matérielle en Provence aux derniers siècles du Moyen Age. Razo (Nice). Cahiers du centre d’études médiévales de Nice 13. Pp. 71-77. Nice, France: Université de Nice, 1993. Barnel, Christine. “Les boutiques des frères Favas: drapiers et draperie à Marseille au XIVe siècle.” Provence Historique 49 (1999): 61-78."
300b86be-ceba-4d9e-baf5-1ac4b611fdb1,Inventory of Johannes Marini (ADBR 351E 152),ADBR 351E 152 (Marini),"Archives départementales des Bouches-du-Rhône, Register 351E 152",Latin,1400,Inventory-Criminal Inquest,"Marseille, Bouches-du-Rhône, France","This act provides very little context for the inventory in contains,  which probably  resulted from  a criminal inquest against Johannes Marini. The objects  listed in this rudimentary estate include a bed, several items of clothing, some weapons, some coins, a goblet, and nine purses."
33d3d3e9-59fc-4b83-9687-429d122bc2a6,Inventory of Johannes Martini (ADBR 351E 239),ADBR 351E 239 (Martini),"Archives départementales des Bouches-du-Rhône, Register 351E 239",Latin,11-Nov-1429,Inventory-Premortem,"Marseille, Bouches-du-Rhône, France","This is an inventory of goods owned by Johannes Martini, which he gave into  the keeping of his parents-in-law, Aurionus Royaudi alias Butoni, a crier of the court, and his wife Catherina. The couple promise to restore the goods when asked. "
7e781fd5-d5b2-4b84-be76-942e3d6b2bc7,Inventory of Bertrandus Pauli (AMM 1 II 44),AMM 1 II 44 (Pauli),"Archives municipales de la ville de Marseille, Register 1 II 44",Latin,30-Aug-1349,Inventory-Postmortem,"Marseille, Bouches-du-Rhône, France","Alayseta Paule, the daughter of Bertrandus Pauli, a resident of one of Marseille's suburbs, appears in court. She explains to the judge that her father had died in the terrible plague the previous year. He wrote a testament dated the 15th of March, 1348, in which he named Alaseta Paul, his wife, as his heir, and named Alayseta and Johanna, his daughters, as substitute heirs in equal parts in the event of their mother's death. Given the fact that Alayseta was more than a year overdue in requesting an inventory of her father's estate, she felt it necessary to explain the reason for the delay to the judge. What follows is an extraordinary description of the lived experience of the Black Death. Shortly after her father's death, her mother died, as did her sister Johanna and her husband, leaving Alayseta all alone in the world, pregnant, and in anguish and sorrow. Humbly and tearfully, she requested the judge's permission to carry out the inventory. Carefully considering the request, the judge responded that hardly anyone was able to take care of his own business during those difficult times, let alone the business of others, and grants her request. Since the Paul family did their business with the notary Jacobus Aycardi, we have access to the testaments made by Bertrandus Pauli; Hugo Porrate, husband of Alayseta Paule; and Bertrandus's wife Alaseta Paule, mother of Alayseta (see ADBR 355 E 1, folios 51r-53v, 73r-74v, and 75v-77v). In the testament of Bertrandus Pauli, we learn that Alayseta's sister, Johanneta, is ""inpotens,"" meaning physically or mentally incapacitated in some way. Hugo Porrate, in his testament, named as his heir his unborn child, whether a boy or a girl. The Paul family was reasonably well off for a peasant family and are mentioned in about a dozen contracts in this register and elsewhere. "
417c7f1e-d3ed-44e8-954d-e4c6e4f3539d,Inventory of Franciscus de Serralonga (ADBR 355E 1),ADBR 355E 1 (Serralonga),"Archives départementales des Bouches-du-Rhône, Register 355E 1",Latin,5-Apr-1348,Inventory-Postmortem,"Marseille, Bouches-du-Rhône, France","This is an inventory of the estate of Franciscus de Serralonga, a cobbler, who died at the very height of the Black Death in April of 1348. The extensive list of his goods includes ceramics from Murcia."
2a45de40-4f61-4f30-8321-ca0b1cc9c368,Donation of estate of Jacobus Salvage (ADBR 351E 73),ADBR 351E 73 (Salvage),"Archives départementales des Bouches-du-Rhône, Register 351E 73",Latin,27-Dec-1385,Inventory-Donation,"Marseille, Bouches-du-Rhône, France","The laborer Jacobus Salvage, alias de Valensola, and his wife Monna are citizens and residents of Marseille. They have chosen to make a donation of all their goods to the Hospital of Saint-Jacques de Galicia, and an inventory was drawn up to record the gift. "
d1063568-222c-4544-921e-357e45fac602,Inventory of Dulcia de Monteolivo (ADBR 5G 775),ADBR 5G 775 (Monteolivo),"Archives départementales des Bouches-du-Rhône, Register 5G 775",Latin,7-May-1409,Inventory-Taking up inheritance,"Marseille, Bouches-du-Rhône, France","Dulcia de Monteolivo, the daughter of Giraudus Manentis, wrote a testament on 19 April 1409, in which she named as her  heirs her two daughters, Margarita de Favacio and Laurencia de Monteolivo. Both women are nuns at the monastery of Saint-Sauveur. Margarita is the child of Dulcia's first marriage to Aycardus de Favacio. After Aycardus died, Dulcia married Blaquerie de Monteolivo, who subsequently died. The two nuns, represented by Johannes Mounerii, the procurator for the monastery of Saint-Sauveur, would like to take up the inheritance with benefit of inventory. Because the heirs were members of the church, their request was processed in the episcopal court. The dossier, which opens on 7 May 1409, includes Dulcia's testament, thus providing us with an unusual degree of access to the context. This is one of the wealthiest inventories in the Marseille set."
96a668a6-e04c-490c-ace1-415de71c126a,Inventory of Johannes Martini (ADBR 355E 11),ADBR 355E 11 (Martini),"Archives départementales des Bouches-du-Rhône, Register 355E 11",Latin,23-Nov-1361,Inventory-Division,"Marseille, Bouches-du-Rhône, France","Johannes Martini, an urban peasant living in the suburbs, in the carreria Predictorum, has died. A dispute has now arisen over his estate, setting his wife Nicolaua and their daughter Alaysona against his son, Bertrandus Martini. Nicolaua is insisting on the return of her dowry and Alaysona is asking for her share of the inheritance, while Bertrandus wants to insure that he receives all that is coming to him according to the law. Common friends, namely, the draper Jacobus Andree and Petrus Hugonis, serve as arbitrators. In the resulting act, an inventory of Johannes's estate is provided."
dd09d228-d02f-4568-8df3-60072196caf8,Dowry of Anthoneta Robaude (ADBR 351E 79),ADBR 351E 79 (Robaude),"Archives départementales des Bouches-du-Rhône, Register 351E 79a",Latin,27-Nov-1398,Inventory-Dowry,"Marseille, Bouches-du-Rhône, France","At the time of the wedding between Pellegrinus Rostagni and Anthoneta, daughter of the fisherman Petrus Robaudi, the father of the bride assigned a dowry of 200 l. to his son-in-law. Pellegrinus subsequently died, and the cooper Raymundus Guillelmi was assigned as the guardian for the infant Horonadetus, Pellegrinus's son and heir. Though the act is damaged, it is likely that goods in Pellegrinus's estate were being assessed in value and assigned to Anthoneta as compensation for her dowry."
76f32f4e-8342-4cbd-ba5a-62577d242628,Inventory of Montolina de Monteolivo (AMM 1 II 18),AMM 1 II 18 (de Monteolivo),"Archives municipales de la ville de Marseille, Register 1 II 18",Latin,25-Jan-1315,Inventory-Guardianship,"Marseille, Bouches-du-Rhône, France","Vivaudetus, age 14 to 15, is the son of the late Blaquerie de Monteolivo and the nephew of the late Montolina, daughter (erroneously described on the first folio as the widow) of the late Blaquerie and wife of the late  Berengarius de Tritis, domicellus. Montolina died, leaving a testament naming Vivaudetus, her nephew, as her heir. The likely genealogy is that a Blaquerie senior had had two children, Blaquerie junior and Montolina, and Blaquerie junior in turn fathered Vivaudetus. The early folios of the record concern the legacies that had been made by Montolina. This is an extremely interesting inventory with a number of unusual objects."
c791166a-d81a-4255-9d08-86704b9cda57,Inventory of Marinus de Berra (AMM FF 1009),AMM FF 1009 (de Berra),"Archives municipales de la ville de Marseille, Register FF 1009",Latin,28-May-1420,Inventory-Postmortem,"Marseille, Bouches-du-Rhône, France","For unknown reasons, Marita Bertrande requests an inventory of the assets of Marinus de Berra. The estate is rudimentary."
21710ed1-863f-457b-b2fa-0a38d9849175,"Inventory of Jacobus Martini (ADBR 1 HD B 56, pièce 7)",ADBR 1 HD B 56 (Martini),"Archives départementales des Bouches-du-Rhône, Charter 1 HD B 56",Latin,23-Jan-1378,Inventory-Generic,"Marseille, Bouches-du-Rhône, France","At the outset of this lengthy charter, we meet Sanxieta, the widow of Jacobus Rodelli, who comes before a judge to  declare that the nobleman Jacobus Martini, her brother, recently died in the city of Salerno, naming her as his universal heir for life. After her death, he wished half of his estate be donated to the Hospital of Saint Esprit, and the other half to the Hospital of Saint-Jacques de Gallice. As the case unfolds, however, we learn that Jacobus Martini appears to have ignored his own wife, Laurencia, whose father engages in a dispute with Sanxieta in order to recover Laurencia's dowry. The inventory, which was drawn up in February, contains a number of interesting items, including the only slave, a woman named Anna, discovered so far in the Marseille collection. The inventory was originally transcribed by Christine Barnel with corrections and additions by D. Smail. Bibliography: Ripert, Laurent, Christine Barnel, Henri Bresc, Pascal Herberth, and Florence Colin, eds. Matériaux pour l’étude de la vie domestique et de la culture matérielle en Provence aux derniers siècles du Moyen Age. Razo (Nice). Cahiers du centre d’études médiévales de Nice 13. Pp. 77-79. Nice, France: Université de Nice, 1993."
e43160f5-2d3b-4f28-bb59-3496e40556c7,Inventory of Jacobus de Menas (ADBR 351E 245),ADBR 351E 245 (Menas),"Archives départementales des Bouches-du-Rhône, Register 351E 245",Latin,26-Sep-1434,Inventory-Postmortem,"Marseille, Bouches-du-Rhône, France","Jacobus de Menas has died intestate, leaving his  wife, Catherina (?), and his children Nicolaus, Stephanus, and Margarita. The notary, in the presence of witnesses, undertakes an inventory of the estate. The inventory includes 45 linen shirts  and a further 20 women's shirts with cotton woven in."
d20f680a-c003-4659-907e-8b15d0be07f2,Inventory of Franciscus Moguerii (AMM FF 1009),AMM FF 1009 (Moguerii),"Archives municipales de la ville de Marseille, Register FF 1009",Latin,17-Oct-1421,Inventory-Insolvency,"Marseille, Bouches-du-Rhône, France","Jacmeta, the widow of Franciscus Moguerii, is seeking to recover her dowry of 110 florins from her husband's insolvent estate. The inventory does not appear to have been carried out room-by-room, and no real estate was found. Total value of goods is 69 florins 3 gros, of which Jacmeta gets 45 fl. and 11 gros. The inventory includes line-item estimates of the value of the items. "
01c0da6f-487f-45ed-aae7-8894fbe4131c,Inventory of Colratus Cavallerii (AMM 1 II 21),AMM 1 II 21 (Cavallerii),"Archives municipales de la ville de Marseille, Register 1 II 21",Latin,23-Aug-1295,Inventory-Guardianship,"Marseille, Bouches-du-Rhône, France","Beatrix, the wife of the late Colratus Cavallerii, appears in court. She had been the guardian for her three children, Giraudetus, Bartholomeus, and Raymundetus,  but the role has been assigned instead to her new husband, Guillelmus de Vellancio. Guillelmus takes charge of compiling the inventory, beginning with a substantial list of clothes. This inventory is unusually interesting for the number of references to items belonging to Colratus that Beatrix had sold off to pay for funeral expenses or other unstated purposes. It also mentions a garment that was intended to be worn while leaving the baths and describes a garment lined with an unusual fur, sirogrillus, scilicet ""choerogryllus"" in the DMLBS. The most remarkable objects in this inventory may be two goblets made from the shells of coconuts (nux indie). "
0a7adeac-7e1f-4c60-8875-a0c303f530ee,Inventory of the Sacristy of Accoules (ADBR 351E 98),ADBR 351E 98 (Sacristy of Accoules),"Archives départementales des Bouches-du-Rhône, Register 351E 98",Latin,1398,Inventory-Ecclesiastical,"Marseille, Bouches-du-Rhône, France","This short inventory of the sacristy of the church of Notre Dame des Accoules, a parish church located at the very heart of the city of Marseille, includes several interesting items, such as a reliquary containing the blood of Christ."
51354d61-7808-4424-9e8a-9e27ed6bfb81,Inventory of Raymundus Cabrerii (ADBR 3B 41),ADBR 3B 41 (Cabrerii),"Archives départementales des Bouches-du-Rhône, Register 3B 41",Latin,1-Jun-1340,Inventory-Criminal Inquest,"Marseille, Bouches-du-Rhône, France","Raymundus is identified as a seaman (marinarius) from Barcelona. He and his wife and mother-in-law, Guillelma Ginhaque, have gone bankrupt and have fled the city (they are described as fugitives). The case includes all the claims of the creditors. The court conducts an inventory of the goods they left behind. Some of the goods belonged to Raymundus; others are identified specifically as in the possession of Secilia and Guillelma. See the inventory of Guillelma Ginhaque in this collection."
3a7e3f63-bf06-47b5-bdeb-30f3f7157d80,Inventory of Church of Sainte-Cécile extra muros (ADBR 351E 98),ADBR 351E 98 (Sainte-Cécile),"Archives départementales des Bouches-du-Rhône, Register 351E 98",Latin,13-Sep-1398,Inventory-Postmortem,"Marseille, Bouches-du-Rhône, France","This act records the inventory of the church of the castrum of Sainte-Cécile, located outside the walls of Marseille in a place that is currently not known. The inventory was made by Olivarius, the prior of the church and a beneficed cleric in the cathedral of BM Sedis."
30904c6f-334d-470d-adcb-30d003f6aa69,Inventory and other acts for Guillelmus Egidii (AMM 1 II 58),AMM 1 II 58 (Egidii),"Archives Municipales de la ville de Marseille, Register 1 II 58",Latin,2-Jun-1347,Inventory-Postmortem,"Marseille, Bouches-du-Rhône, France","There has been a dispute between Petrus Egidii, a merchant and citizen of Marseille, the brother and heir of Guillelmus Egidii, and domina Sicilia, the widow of the late Guillelmus. The dispute has been settled by arbitration, and the resolution of the dispute occasioned the making of an inventory of Guillelmus's estate. "
40891c45-c702-417d-9c2d-5e19ced5cc4a,Inventory of Philipponus Colini (ADBR 5G 771),ADBR 5G 771 (Colini),"Archives départementales des Bouches-du-Rhône, Register 5G 771",Latin,27-Apr-1400,Inventory-Postmortem,"Marseille, Bouches-du-Rhône, France","No context is provided for this inventory of Philipponus Colini, a candler. The inventory is extensive and has a number of interesting features, including many rings and an image of the Virgin Mary made of lead."
1f311748-2a57-4a0f-a6be-f14e3951fe46,Inventory of Peyretus Peytamini (ADBR 355E 51),ADBR 355E 51 (Peytamini),"Archives départementales des Bouches-du-Rhône, Register 355E 51",Latin,1-Oct-1398,Inventory-Emancipation,"Marseille, Bouches-du-Rhône, France","Owing to some words exchanged between Bernardus Peytamini, mariner, and his wife Sileta on the one hand, and Peyretus Peytamini, their son, and his wife Martona, on the other, Peyretus and Martona with their children have chosen to leave Bernardus’s house. Peyretus has therefore asked his father for “sufragium vite sue.” Therefore, moved by paternal affection, Bernardus assigns to Peyretus the items listed in this inventory. "
113df821-a008-453b-b20c-e16d3694ad92,Inventory of Bartholomeus Egidii (ADBR 3B 62),ADBR 3B 62 (Egidii),"Archives départementales des Bouches-du-Rhône, Register 3B 62",Latin,14-Sep-1359,Inventory-Postmortem,"Marseille, Bouches-du-Rhône, France","An ambassador has arrived from Pisa with a claim against the estate of Bartholomeus Egidii. A crier and a notary are sent to place a seal on several casks of wine in Bartholomeus's cellar and his wife is warned not to move the wine. Subsequently, an inventory is made of Bartholomeus's estate. Toward the end of the inventory, mention is made of the goods of Autrica, the wife of Bartholomeus, and Martileta, the wife of Johannes Egidi. It is likely that the women would be allowed to claim their dowry rights in the estate before the debt to the Pisan merchant could be honored."
663b6f4e-cce1-4089-8ff5-e01ea53e5515,Inventory of Johannes Johannis (ADBR 351E 17),ADBR 351E 17 (Johannis),"Archives départementales des Bouches-du-Rhône, Register 351E 17",Latin,11-Jun-1371,Inventory-Postmortem,"Marseille, Bouches-du-Rhône, France","Alasacia, the widow of Johannes Johannes of Auriole, came to the court to declare the death of her husband and to register an inventory of his estate. The inventory includes very few goods. "
42c47d22-becd-4759-a3d1-0b0be95a8768,Auction of Andreas de Septimis (ADBR 351E 258),ADBR 351E 258 (de Septimis),"Archives départementales des Bouches-du-Rhône, Register 351E 258",Latin,3-Nov-1424,Auction,"Marseille, Bouches-du-Rhône, France",Very little context is provided for this act by means of which items formerly belonging to Andreas de Septimis were auctioned off at the request of Antonius Judi. The items consisted primarily of bedding; also sold was a measure and an agricultural implement. One possibility is that Andreas was a poor laborer living in a rented bedroom and that the items were sold off for unpaid rent.
c57887e5-386a-4ae2-8a72-97c4fca7c5dc,Inventory of Guillelmus Ferrarii (AMM FF 501),AMM FF 501 (Ferrarii),"Archives municipales de la ville de Marseille, Register FF 501",Latin,2-Jan-1296,Inventory-Guardianship,"Marseille, Bouches-du-Rhône, France","Dulcia, the wife of Guillelmus Ferreri, seaman, citizen of Marseille, appeared in court. Guillelmus had died intestate, leaving behind his daughter and intestate heir, Hugueta, a baby girl aged 4 months. Hugueta doesn't have a guardian, so Dulcia requests one. The inventory has a number of interesting items, including two baskets from Sardinia and a Turkish carpet."
be296e02-8d6b-40e4-befe-a7616f3f5e01,Auction of Rixendis Cambale (ADBR 355E 309),ADBR 355E 309 (Cambale Auction),"Archives départementales des Bouches-du-Rhône, Register 355E 309",Latin,3-Jul-1410,Auction,"Marseille, Bouches-du-Rhône, France","Rixendis Cambale, one of Marseille's great women-merchants, died earlier in the year 1410, having outlived her son, Jacmetus Niel. Rixendis left her large estate to her granddaughter, Jacmetus's daughter, a girl named Jacmoneta Niella. Raymundus de Syon served as Jacmoneta's guardian. Immediately following the compilation of the inventory of Rixendis's estate, he proceeded, with the consent of the judge, to auction off the assets. This auction identifies goods by name, the purchaser, and the sale price. The auction has not been transcribed, and is made available here for individuals who wish to compare it with Rixendis's inventory, available in the DALME collection."
b75ac7dd-be6e-48b4-ade3-64be64490b9e,Inventory of Astrug Mosse (ADBR 3B 128),ADBR 3B 128 (Mosse),"Archives départementales des Bouches-du-Rhône, Register 3B 128",Latin,24-Mar-1397,Inventory-Taking up inheritance,"Marseille, Bouches-du-Rhône, France","This inventory records the possessions of a Jew named Astrug Mosse, a resident of the city of Marseille, who died on Wednesday, the 18th of July, 1397, without having made a will. Astrug had two daughters and intestate heirs named Venguesseta and Stereta, both of whom were under twenty years of age. The sisters chose to enter into the inheritance with benefit of inventory since there was some concern about whether the estate's debits might exceed its assets. In such an event, they could repudiate the estate rather than accept its debts. Too young to represent their interests in court, they asked the judge to assign them a guardian, naming for the role their cousin, Boniaquet Cohen. Boniaquet, who was present at the hearing, swore on the Mosaic law to serve honorably and was accepted by the judge. The compilation of the inventory was scheduled for Friday the 27th of July, and a crier issued a summons to the estate's creditors to attend the event if they so desired. On Friday, at vespers, the two sisters appeared at court, absent any creditors, and were allow to register the inventory they had made. At this point, they either transmitted a hand-list of the goods, written out in Provençal, or read the document out loud to the notary of the court, Peire Calvin. Either way, the notary probably translated the document into Latin on the spot; this is suggested by the presence of a number of corrections in the original. As was customary, the procedure commenced with the sign of the cross, although the document does not describe who made the sign. On the final folio, the sisters requested that an instrument of the act be made for them. The act gives no sign that the sisters were planning on repudiating the inheritance. Originally transcribed by Juliette Sibon, with corrections by D. Smail."
0a4ec7f8-5059-4ea2-b32b-27a98da46385,Inventory of Astrug de Aubenas and his wife Genseta (ADBR 3B 79),ADBR 3B 79 (de Aubenas),"Archives départementales des Bouches-du-Rhône, Register 3B 79",Latin,24-Dec-1369,Inventory-Generic,"Marseille, Bouches-du-Rhône, France",Acquire images.
8964411d-0682-4742-8d9d-93413a68c9f3,Inventory of Petrus Ferraudi (ADBR 355E 309),ADBR 355E 309 (Ferraudi),"Archives départementales des Bouches-du-Rhône, Register 355E 309",Old Provençal,14-Oct-1410,Inventory-Insolvency,"Marseille, Bouches-du-Rhône, France","This is not an inventory per se, it is an estima, or transfer of goods arising from insolvency. It includes a loose sheet containing the text of the estima in Provençal. The act was executed on behalf of Katherina, wife of Petrus Ferraudi, in order to allow her to recover her dowry of 100 florins. "
d2bbb7eb-56b6-40d4-8da3-fdc68876d804,Inventory of Bertrandus Tornatoris (AMM FF 1009),AMM FF 1009 (Tornatoris),"Archives municipales de la ville de Marseille, Register FF 1009",Latin,2-Dec-1421,Inventory-Insolvency,"Marseille, Bouches-du-Rhône, France","Jacmeta, wife of Bertrandus Tornatoris, appears before the court. She requests that the estate of her insolvent husband, Bertrandus, be evaluated by the city's estimators and that assets be awarded to her amounting to the value of her dowry of 70l. plus  expenses of 3l., equivalent in value to 43 florins and 9 gros. The inventory includes line-item estimates of the value of the items. "
e381d25f-cf06-44f5-a2ad-7898035f871b,Inventory of Vivaudus de Jerusalem (AMM 1 II 44),AMM 1 II 44 (Jerusalem),"Archives municipales de la ville de Marseille, Register 1 II 44",Latin,3-Jun-1348,Inventory-Postmortem,"Marseille, Bouches-du-Rhône, France","The noblewoman Deodella, widow of the noble squire Vivaudus de Jerusalem, son of the late Vivaudus de Jerusalem, appears in court, and declares herself to be the guardian for Biatriseta, the couple's daughter, who is his heir. The girl is one year old. This is not an extremely wealthy inventory, given the decedent's standing, but it includes a number of interesting items, including two beds described as the servants'."
06e21932-611d-4d6a-b81f-78b3d563279a,Codicil of Laureta de Rabesio (ADBR 392E 3),392E 3 (de Rabesio),"Archives départementales des Bouches-du-Rhône, Register 392E 3",Latin,31-Oct-1405,Codicil,"Marseille, Bouches-du-Rhône, France",This act is a codicil to a testament created by Laureta de Rabesio. See Laureta's inventory in the DALME collection. 
f38e30b8-4878-4c2f-a069-22e930538513,Inventory of Johannes Arnaudi (ADBR 355E 1),ADBR 355E 1 (Arnaudi),"Archives départementales des Bouches-du-Rhône, Register 355E 1",Latin,3-Apr-1348,Inventory-Postmortem,"Marseille, Bouches-du-Rhône, France","This is the inventory of Johannes Arnaudi, a baker, who died in the Black Death. He had named Gauzente and Pascal de Brinonia as his heirs. A curious phrase indicates that a different inventory could not be made on account of the absence of officers."
d1eead9f-c9df-42dd-a62f-b5c7d61c39ab,Inventory of Petrus Fresquerie (AMM FF 1009),AMM FF 1009 (Fresquerie),"Archives municipales de la ville de Marseille, Register FF 1009",Latin,5-Sep-1422,Inventory-Insolvency,"Marseille, Bouches-du-Rhône, France","Johanneta Saure, widow of the notary Petrus  Fresquerie, is seeking to recover her  dowry of 1000 florins and additional debts owed to her by the estate of her late husband. The total comes to 1522fl. 6gr. and she ends up receiving 1029fl. 11 gr. 1 quartum. The inventory includes line-item estimates of the value of the items. This inventory includes several extremely valuable garments. "
5364db33-a987-491b-a34b-4a080c9db175,Inventory of Margarita Massaribas (ADBR 351E 95),ADBR 351E 95 (Massaribas),"Archives départementales des Bouches-du-Rhône, Register 351E 95",Latin,1396,Inventory-Postmortem,"Marseille, Bouches-du-Rhône, France",No context is provided for the inventory of Margarita Massaribas.
bf9d77d4-ea1b-4077-b8e4-b993f61d6f88,Inventory of Crescas Rogeti (ADBR 3B 128),ADBR 3B 128 (Rogeti),"Archives départementales des Bouches-du-Rhône, Register 3B 128",Latin,18-Dec-1397,Inventory-Guardianship,"Marseille, Bouches-du-Rhône, France",acquire images
b5be1145-30bb-4c57-a764-c5fe9aa4eff0,Inventory of Beatrix Ruffe (ADBR 355E 309),ADBR 355E 309 (Ruffe),"Archives départementales des Bouches-du-Rhône, Register 355E 309",Latin,22-Aug-1410,Inventory-Guardianship,"Marseille, Bouches-du-Rhône, France","Beatrix Ruffe appears in court and explains that her husband Arnulphus Ruffi, a carpenter, died intestate, leaving their children without a guardian. The children are Johannetus, age 18; Catherineta, the wife of Bertrandus Bedoyni, age 22; Dalfineta, age 8; Bertrandeta, age 4; and Bartholomayreta, age 8 months. She requests permission to appoint a guardian and to make an inventory of the estate. Beatrix is assigned as guardian, and her son Johannetus also makes an appearance. The inventory is extensive and includes the tools in the workshop of Arnulphus."
592fd9e5-599c-47d1-b2b0-50a121569979,Inventory of Johannes de Favacio (ADBR 3 HD H 8),ADBR 3 HD H 8 (de Favacio),"Archives départementales des Bouches-du-Rhône, Charter 3 HD H 8",Latin,27-Jul-1361,Inventory-Postmortem,"Marseille, Bouches-du-Rhône, France","Marquesius de Favacio appears in court as brother and  heir of the late  Johannes de Favacio and as the guardian for the siblings Jacobus de Favacio et  Dulcieta de Favacio, the children of the late Bernardus de Favacio  junior, who also share in the inheritance. Also appearing is Guillelmus de Favacio, another brother and co-heir of the late Johannes. They explain to the judge that Johannes de Favacio died in the recent plague, having left a testament in which he named his brothers, his nephew, and and his niece as his universal heirs, and they wish to conduct an inventory. Among other things, it includes an extensive list of fabric and their  prices per cane as well as several rain hats, a chain for tying up the  dog, and a child's tunic. The inventory was originally transcribed by Christine Barnel with corrections and additions by D. Smail. Bibliography Ripert, Laurent, Christine Barnel, Henri Bresc, Pascal Herberth, and Florence Colin, eds. Matériaux pour l’étude de la vie domestique et de la culture matérielle en Provence aux derniers siècles du Moyen Age. Razo (Nice). Cahiers du centre d’études médiévales de Nice 13. Pp. 58-62. Nice, France: Université de Nice, 1993. Barnel, Christine. “Les boutiques des frères Favas: drapiers et draperie à Marseille au XIVe siècle.” Provence Historique 49 (1999): 61–78."
055851a1-a279-4df7-a4ff-104acfe81340,Inventory of Poncius Gassini (ADBR 3B 57),ADBR 3B 57 (Gassini),"Archives départementales des Bouches-du-Rhône, Register 3B 57",Latin,18-Dec-1354,Inventory-Criminal Inquest,"Marseille, Bouches-du-Rhône, France","Poncius Gassini is the guardian for his niece Sibileta. He killed Alasacia Morgona and was sentenced by the criminal court to the loss of all his goods. Since Sibileta's assets are caught up in his, an inventory of the estate is ordered. The estate is large, and includes five agricultural properties and two houses. Some of the goods have been lost owing to humidity."
f6bacc6b-1082-4b8c-849b-f5dbd9596437,Inventory of Catharina Raynauda (ADBR 351E 195),ADBR 351E 195 (Raynauda),"Archives départementales des Bouches-du-Rhône, Register 351E 195",Latin,9-Oct-1433,Inventory-Postmortem,"Marseille, Bouches-du-Rhône, France","We have very little information about the context for the making of this inventory other than the fact that the goods are located in the house of Catherina Raynaude (and presumably are hers) and that the individual who compiled the inventory was Helia Boneti, a doctor of laws."
ae6decfb-a220-4b54-991c-79b7a9f4fa50,Inventory of Jacmeta de Apulea (ADBR 355E 309),ADBR 355E 309 (de Apulea),"Archives départementales des Bouches-du-Rhône, Register 355E 309",Latin,28-Nov-1410,Inventory-Generic,"Marseille, Bouches-du-Rhône, France","Jacmeta de Apulea died intestate, and there has been a dispute over her estate. This act opens when the jurist Paulus Triboleti and the notary Antonius Gumberti, the latter of whom is acting in the name of his wife Polheta, come before the judge to report that their adversary has been declared to have no rights in Jacmeta's estate. Having been placed in control of the property, they now wish to undertake an inventory and ask the permission of the court. The estate consists almost entirely of property. Near the end, an unusual phrase, crossed out in the MS, indicates that Jacmeta's husband had removed all of the assets from her residence before the compilation of the inventory. "
cf2423a8-9837-4e8e-9402-f761cb2a9459,Inventory of Jacobus de Jerusalem (ADBR 351E 87),ADBR 351E 87 (Jerusalem),"Archives départementales des Bouches-du-Rhône, Register 351E 87",Latin,6-Nov-1387,Inventory-Division,"Marseille, Bouches-du-Rhône, France","Jacobus de Jerusalem died, and there was a dispute over his estate setting his sister, Sicilia de Jerusalem, a nun of the monastery of Artecella near Aix-en-Provence, against Boniventa, his widow, who subsequently married Johannes Raynaudi, a licentiate in laws. Owing to the intervention of the abbot of Saint-Victor, the two women agreed on a compromise whereby they would split the estate evenly. The estate includes two houses although these are not listed in the inventory of the goods per se. On fol. 99r, these houses are valued together at 865 florins, which is a very substantial amount. The inventory includes separate rubrics for the decedent's clothing, which is highly unusual."
08ef70ff-9195-480e-8b1d-2e5224a7d5da,Inventory of Hugueta Biarde (ADBR 355E 309),ADBR 355E 309 (Biarde),"Archives départementales des Bouches-du-Rhône, Register 355E 309",Latin,14-Jan-1411,Inventory-Postmortem,"Marseille, Bouches-du-Rhône, France","Bartholomea, the wife of Anthonius Tapoli, a butcher of Marseille, appeared in court, together with Johannes and Petrus Tapoli, the sons and heirs of Bartholomea and Antonius. They explained that domina Hugueta Biarde, the sister of Bartholomea, had died recently and made them her heirs. One of the interesting features of the inventory is that it describes a very limited array of kitchen items, consisting of a small broken cooking pot, a laundry basket, five barrels, a bread-basket, a small table, a flour-sieve, a copper pan, an iron frying pan, and a small tripod. "
eb61ce1f-c304-497b-8ba6-7a9bb34ead9b,Inventory of Anthonius Bermundi (ADBR 3B 135),ADBR 3B 135 (Bermundi),"Archives départementales des Bouches-du-Rhône, Register 3B 135",Latin,22-Jun-1401,Inventory-Postmortem,"Marseille, Bouches-du-Rhône, France","Very little information is given about the context for this inventory of the goods of Antonius Bermundi, an urban peasant. In addition to a storeroom, the house had a bedroom with a bed as well as a modest assortment of kitchen wares. No clothing was found, suggesting that Antonius, like many relatively poor individuals, possessed a single set of garments that he wore every day. Like many peasants, Antonius invested in landholdings rather than movable goods."
eabd3072-15de-4723-8472-8e981bd082a0,Inventory of Guillelmus Martini (AMM 1 II 27),AMM 1 II 27 (Martini),"Archives municipales de la ville de Marseille, Register 1 II 27",Latin,27-May-1308,Inventory-Guardianship,"Marseille, Bouches-du-Rhône, France","This lengthy record describes an inheritance dispute pitting Petrus Martini against the wife and young children of his deceased brother Guillelmus Martini. Their father, also named Guillelmus Martini, was a shipwright. Something about Bruneti; something about an avium maternum who is guardian of Jacmetus Johanneti and Jacmeta, siblings, children and heirs of Guillelmus Martini."
d6c4f891-f58b-4a56-a8af-fed189887b9e,Dowry of Narbona wife of Mosse (ADBR 355E 84),ADBR 355E 84 (Narbona),"Archives départementales des Bouches-du-Rhône, Register 355E 84",Latin,29-Jun-1404,Inventory-Dowry,"Marseille, Bouches-du-Rhône, France","Bonsenhor Maravini and his son Mosse, Jews of Marseille, acknowledged having received a dowry from Narbona, the wife of Mosse, amounting to 150 florins in clothing, jewel, and money. In this act, Narbona acknowledged having received the goods listed here as compensation or security for her dowry. This list includes one of the most expensive articles of clothing from Marseille in this period, a cloak made of a scarlet fabric with adornments valued at 24 gold florins."
f31c76da-1415-4264-ad18-b4e693c5f839,Inventory of Jacobus Iacobi (ADBR 351E 156),ADBR 351E 156 (Iacobi),"Archives départementales des Bouches-du-Rhône, Register 351E 156",Latin,25-Aug-1400,Inventory-Criminal Inquest,"Marseille, Bouches-du-Rhône, France","This inventory appears to be the result of a criminal inquest against Jacobus Iacobi, who may have abandoned his goods and fled the city when charged with a crime. Since he may have taken more valuable things with him in his flight, this does not represent the contents of a typical poor household."
3b2a62d4-481b-4af4-885f-f43bedcbdb51,Inventory of Guillelmus Naulonqui (ADBR 381E 45ter),ADBR 381E 45ter (Naulonqui),"Archives départementales des Bouches-du-Rhône, Register 381E 45ter",Latin,28-Jun-1324,Inventory-Guardianship,"Marseille, Bouches-du-Rhône, France","Guillelmus Naulonqui, a carpenter, the son of Peire Naulonqui, has died, leaving behind Peyretus, age 15 years, Biatriseta, age 11 years, and Monetus, age 5 years. His wife Johaneta de Dia wishes to make an inventory of his estate."
3cfb44ee-951a-48ab-9041-242d26db472b,Inventory of Simon Augerii (AMM 1 II 61),AMM 1 II 61 (Augerii),"Archives municipales de la ville de Marseille, Register 1 II 61",Latin,8-Apr-1348,Inventory-Postmortem,"Marseille, Bouches-du-Rhône, France","Simon Augerii and his wife Franqua died during the Black Death. At the time, they were living in the house of Anthonius Lurdi, located in a neighborhood known as the Lansaria. Simon died intestate, leaving no heirs or relatives closer in kinship than Albertinus Sanchonis, his nephew or ""felezenus."" No one, however, appears to know Albertinus's whereabouts. For this reason, his aunt, Francesquina de Noseu, wife of Paganicus de Noseu, compiles an inventory of the estate of the deceaased couple. The estate is not extensive but it includes some interesting items, including ceramics thought to be from the North African city of Bougie."
56e1932f-7665-46b5-ac51-02c1e3e76eef,Inventory of Gauterius Duranti (AMM 1 II 21),AMM 1 II 21 (Durante),"Archives municipales de la ville de Marseille, Register 1 II 21",Latin,18-Dec-1295,Inventory-Guardianship,"Marseille, Bouches-du-Rhône, France","Beatrix is the wife of the late Gauterius Duranti and the guardian for her children Hugueta, aged 11 years,  Guillelmeta, aged 9 year, and Gaverius?, aged 5 years. She appears in court and requests an inventory of the estate. This is a very rudimentary estate and the inventory offers insights into the lives of the poor."
0a4f8de3-40aa-4eee-ab17-751404e4462e,Inventory of Bartholomeus (AMM 1 II 21),AMM 1 II 21 (Anonymous),"Archives municipales de la ville de Marseille, Register 1 II 21",Latin,1295,Inventory-Insolvency,"Marseille, Bouches-du-Rhône, France","This document consists of a list of objects belonging to Bartholomeus, an otherwise unidentified individual who was presumably a member of the clergy. Owing to damage in the top right-hand corner of the page, some elements of the proceedings are not clear. The act mentions Guillelmus de Florencia, sacristan; Guillelmus Bermundi de Nicia; and Aymo de Bardegalis, judge of the Praepositura. Expenses described at the end indicate that the inventory arose from a bankruptcy proceeding. "
e9fdba44-3bf0-4a7b-83b8-001b707807db,Inventory of Jacobus Sialle (ADBR 3B 50),ADBR 3B 50 (Sialle),"Archives départementales des Bouches-du-Rhône, Register 3B 50",Latin,13-Sep-1352,Inventory-Insolvency,"Marseille, Bouches-du-Rhône, France","Johannes and Henricus Syalhe, the sons of the late Jacobus Syalhe, appeared in court. Since they are between 14 and 25 years of age, and since they have pending lawsuits, they ask the judge to provide them with a guardian. The judge assigns Primarcus Mirapiscis as their guardian. The estate is burden with debts, notably to their mother for her dowry. Only houses and bastidas are listed in the estate; no goods are found."
7c7efca6-c324-452a-9a21-0e84f55a386f,Inventory of Hugo Boerii (ADBR 351E 17),ADBR 351E 17 (Boerii),"Archives départementales des Bouches-du-Rhône, Register 351E 17",Latin,31-Aug-1371,Inventory-Guardianship,"Marseille, Bouches-du-Rhône, France","Jacoba, the widow of Hugo Boeri of the castrum of Auriol, appears in court. She explains to the bailiff that Hugo has died, leaving behind three daughters, Jacobeta, Anthoneta and Cannadeta. She asks permission to conduct an inventory of the estate. Like many inventories from country-folk, this one includes extensive properties but not much in the way of goods."
3d2cfede-f7ce-479c-a749-e031bb311747,Inventory of Guillelmus Bertrandi (ADBR 3B 145),ADBR 3B 145 (Bertrandi),"Archives départementales des Bouches-du-Rhône, Register 3B 145",Latin,21-Nov-1405,Inventory-Guardianship,"Marseille, Bouches-du-Rhône, France","Margarita, the widow of Guillelmus Bertrandi, a carpenter, appear in court. Her husband has died intestate, and she is seeking a guardian for their children, Messenona, 6 years old, and Antoneta, 3 years old. She is unwilling to serve as guardian and recommends Michael Bertrandi, the son of the late Guilhem, presumably by a different mother. Michael is present but says that he cannot serve as guardian for the children since he is engaged in litigation against the children by reason of Michael’s mother’s dowry and also his own wife’s dowry. A nobleman, Anthonius de Rocaforti, is eventually named guardian. The inventory is extensive."
71c73c8f-5c76-4974-9576-79bbf2ea4009,Inventory of Martinus Milherie (ADBR 351E 203),ADBR 351E 203 (Milherie),"Archives départementales des Bouches-du-Rhône, Register 351E 203",Latin,19-Oct-1444,Inventory-Postmortem,"Marseille, Bouches-du-Rhône, France","Catherina, the widow of Martinus Milherie, appears in court. She explains that her husband has died, leaving a testament in which he named as his heirs his children Peyronus, Johanonus, and Bernardeta. Catherina is named as their guardian. "
fddc3f28-9723-404c-b98b-aa793b686399,Inventory of Johanneta Durelle (ADBR 351E 98),ADBR 351E 98 (Durelle),"Archives départementales des Bouches-du-Rhône, Register 351E 98",Latin,N/A,Inventory-Postmortem,"Marseille, Bouches-du-Rhône, France",NA
df72f143-dba4-4037-822a-66dfb7dafa3a,Inventory of the shop of Batrona Maurella (ADBR 351E 241),ADBR 351E 241 (Maurella),"Archives départementales des Bouches-du-Rhône, register 351E 241",Old Provençal,6-Nov-1428,Inventory-Generic,"Marseille, Bouches-du-Rhône, France","This is the inventory of the apothecary shop of Batrona Maurella, widow of Gabriel Maurel. The date is uncertain although the year is clearly 1428."
b55a4dff-ca1e-41a2-9612-9b978e79d6e4,Inventory of Sibilia Peyrone (ADBR 351E 133),ADBR 351E 133 (Peyrone),"Archives départementales des Bouches-du-Rhône, Register 351E 133",Latin,24-May-1399,Inventory-Donation,"Marseille, Bouches-du-Rhône, France","Sibilia Peyrone of Caderia, the daughter of Johannes Peyreri, is a resident of Marseille. Owing to her great affection for Peyretus Odolo of Saint-Maximin, she has chosen to donate all her movable and immovable goods to him to acknowledge the many services he has provided her. He in turn promises to manage the estate and to honor and provide for her. It is also part of the agreement that he cannot sell, donate, or alienate the estate without her permission."
999cfd5b-e572-4ca8-9319-a01b024f5e4d,Inventory of Jacobus Trelhe (ADBR 355E 309),ADBR 355E 309 (Trelhe),"Archives départementales des Bouches-du-Rhône, Register 355E 309",Latin,18-Sep-1410,Inventory-Taking up inheritance,"Marseille, Bouches-du-Rhône, France","Jacobus Trelhe, a merchant, died on the last day of August 1410, naming Aycardona, his widow, as his heir. She is the daughter of Petrus Augelerii. Among other interesting items, the inventory includes a painted canvas or cloth (telam pictam) that was mounted on the wall behind the dining table. The inventory also lists the bedroom of the slave (camera serve), a very unusual reference in Marseille inventories. Jacobus and Aycardona possessed an exceptionally interesting set of clothing and a chest crafted in the Pisan style."
611b9652-8be2-4c92-85a7-3d199d6ba968,Dowry of Hugueta Blancherie (ADBR 355E 84),ADBR 355E 84 (Blancherie),"Archives départementales des Bouches-du-Rhône, Register 355E 84",Latin,N/A,Inventory-Dowry,"Marseille, Bouches-du-Rhône, France",NA
4638907e-9c92-436a-9a02-5ac83e0cda20,Inventory of Stephanus Civate (Blancard ed.),Blancard ed. (Civate),Documents inédits sur le commerce de Marseille au Moyen Age,Latin,16-Mar-1278,Inventory-Guardianship,"Marseille, Bouches-du-Rhône, France","This inventory records the estate of the draper, Stephanus Civate, on behalf of his son and heir, Stephanetus. Edited in: Louis Blancard, ed. Documents inédits sur le commerce de Marseille au Moyen Age. 2 vols. (Marseille: Barlatier-Feissat, 1884), vol. 2, pp. 403-415. Archival reference provided by Blancard: Archives de Marseille, notaire I, premier register de Guillaume Feraud, fol. 7v."
76800602-02fc-463c-9485-6a1c70c810c6,Inventory of Johannes Pico (ADBR 351E 171),ADBR 351E 171 (Pico),"Archives départementales des Bouches-du-Rhône, Register 351E 171",Latin,20-Aug-1419,Inventory-Donation,"Marseille, Bouches-du-Rhône, France","In this act, Johannes de Pahernis, the vice-jailer of the city, acknowledges to the smith Johannes Pico alias ""Ayno"" and Leoneta his wife that he has received the following goods in comanda. The items include Leoneta's dowry goods. This act is serving as a deposit or a temporary guardianship over the goods. "
be2589f9-0c4b-4091-8858-2e882eb499c2,Inventory of Sibinde Cuende (AMM 1 II 7),AMM 1 II 7 (Cuende),"Archives municipales de la ville de Marseille, Register 1 II 7",Latin,22-May-1315,Inventory-Taking up inheritance,"Marseille, Bouches-du-Rhône, France","Bertrandus Aymerici appears in court and announces that Sibinda Cuende, widow of the late Bernardus Cuendi, a shoemaker, has died, leaving a testament in which she named Bertrandus as her universal heir. He declares his intention of accepting the inheritance with benefit of inventory. Also available for consultation is Sibinda's testament. The inventory includes several instruments of credit indicating that Sibinda was a part-time moneylender."
2e6f669c-d515-4a68-a686-1a80c37b9e5d,Inventory of Anthonius Robaudi (AMM FF 1009),AMM FF 1009 (Robaudi),"Archives municipales de la ville de Marseille, Register FF 1009",Latin,17-Jun-1422,Inventory-Insolvency,"Marseille, Bouches-du-Rhône, France","Anthonius Robaudi, a fishmonger, has died, and his wife Dulcia is seeking to recover her dowry of 300l. She has already been assigned 40l. of alimony, including 8l. expenses. She and her husband together owed 100fl. to Gabrielis Vassali, which she paid off, and she adds that sum. The total owed to her is 508 pounds, and with expenses (including funeral expenses) the sum comes to 586l. 16s. The goods are worth 536l. 8s. The immovable wealth is worth 122l. The movable goods are therefore worth 414l. 8s. The inventory includes line-item estimates of the value of the items. "
ecc2b308-d5a6-4c64-a7ba-d6567a2623d6,Inventory of Antonius Bellipili (ADBR 355E 309),ADBR 355E 309 (Bellipili),"Archives départementales des Bouches-du-Rhône, Register 355E 309",Latin,24-Jan-1410,Inventory-Postmortem,"Marseille, Bouches-du-Rhône, France","Bertrandus Bellipili, son and coheir of Antonius Bellipili, an urban peasant, appears in court,  and presents a petition to the judge. Bertrandus explains that his father died recently, having left a testament written by Michael Folchalchi, notary. In the testament, the late Antonius named Bernardus and Ludovicus, his sons, as heirs. Bertrandus asks permission to be put in possession of the goods. There is some question of debts toward creditors. Owing to a dispute between the heirs, there is a delay in processing the request. Ultimately, the inventory is drawn up and the heirs divide the estate."
13a39780-f9cc-4331-82b7-5d32347ad778,Inventory of Laureta de Rabesio (ADBR 3B 145),ADBR 3B 145 (Rabesio),"Archives départementales des Bouches-du-Rhône, Register 3B 145",Latin,14-Nov-1405,Inventory-Taking up inheritance,"Marseille, Bouches-du-Rhône, France","Dulcieta Atulfa was the beneficiary of a donation of all the goods belonging to the late Laureta de Rabesio. Dulcieta wishes to have an inventory made of the goods. Both women bear the surnames of two of Marseille's distinguished families, and in part for this reason it is surprising that Laureta's assets are so rudimentary. One of the items kept in the kitchen, an oratory to the Virgin Mary, suggests that Laureta engaged in voluntary poverty for devotional reasons. For more background, see the codicil to Laureta's testament in the DALME collection."
f37b4679-9d5c-4484-a4b4-c05460625c57,Inventory of Gabriellus de Nantis (ADBR 351E 169),ADBR 351E 169 (Nantis),"Archives départementales des Bouches-du-Rhône, Register 351E 169",Latin,24-Feb-1446,Inventory-Postmortem,"Marseille, Bouches-du-Rhône, France","This is an inventory for the shoemaker Gabriellus de Nante of Marseille. We know little about the context other than the fact that the request came from the chancery of Aix-en-Provence. The estate includes two houses and a oratory for the Blessed Mary, but otherwise is not well off."
716e02f6-1780-45fd-91c7-7d27e71a2d58,Inventory of Guillelmus Gasanhi and Stevenetus Gasanhi (ADBR 351E 216),ADBR 351E 216 (Gasanhi),"Archives départementales des Bouches-du-Rhône, Register 351E 216",Latin,18-Aug-1430,Inventory-Division,"Marseille, Bouches-du-Rhône, France","Julianus Calvi, an urban peasant of Marseille, acknowledges to Guillelmus Gasanhi that he has received in comanda the goods listed below. The contract identifies an estate division involving Guillelmus and his nephew, Stevenetus Gasanhi."
ccf4b081-5afe-4573-ab27-3a9b4910395d,"Inventory of Mayer, son of Joseph Astrug (ADBR 3B 46)",ADBR 3B 46 (Mayer),"Archives départementales des Bouches-du-Rhône, Register 3B 46",Latin,27-Jul-1346,Inventory-Guardianship,"Marseille, Bouches-du-Rhône, France","Transcribed by Juliette Sibon. Acquire images. Begins fol. 144r. Le 27 juillet 1346. Vers primes. En présence du juge P. Malut, Douce, veuve de Mayer, affirme que son mari est mort ab intestat en laissant un fils, Bonjuson, dont elle demande la co-tutelle avec Vital de Largentière, son frère. Inventaire des biens du défunt fait par Douce :"
6065fb97-bfbe-45fe-9b68-727598677baf,Inventory of Johannes Isnardi de Sex Furnis (AMM FF 1009),AMM FF 1009 (Isnardi),"Archives municipales de la ville de Marseille, Register FF 1009",Latin,11-Sep-1422,Inventory-Insolvency,"Marseille, Bouches-du-Rhône, France","Andriveta, widow of Johannes Isnardi de Sex  Furnis, is seeking to recover a dowry of 100l. (62.5 florins) as well as medical and funerary expenses. She paid expenses and medicines of 20 florins, 9 gros, and 2 quarter-gros. The total debt claimed is 98 florins, 3 gros, and 2 quarter-gros. The estate is valued at 109 florins and 11 gros and the boat and house together are worth 80 florins, so only 29 florins and 11 gros are in the goods. The inventory includes line-item estimates of the value of the items. "
9470ccb9-0c87-4bea-915d-c9220e38de12,Inventory of Nicolaus Franchi (AMM 1 II 44),AMM 1 II 44 (Franchi),"Archives municipales de la ville de Marseille, Register 1 II 44",Latin,3-Jun-1349,Inventory-Postmortem,"Marseille, Bouches-du-Rhône, France","Jacoba Francha, the daughter of the late Nicolaus Franchi, a merchant, and the widow of Egidius Griffeni appears in court. She explains that Nicolauetus Franchi, age 18, the son of the late Guillemus Franchi, Jacoba's brother, has died intestate without leaving any children to succeed him. Jacoba, his aunt, is his closest relative. Therefore, she requests to be put in possession of his goods. "
6cc6bc93-7955-439b-93db-e58c792f5421,Inventory of Bernardus Garnerii (ADBR 4HD B 70),ADBR 4HD B 70 (Garnerii),"Archives départementales des Bouches-du-Rhône, Charter 4 HD B 70",Latin,1346,Inventory-Postmortem,"Marseille, Bouches-du-Rhône, France","The inventory is partial, since the instrument is missing a number of leaves. Does not include lists of property.The inventory was originally transcribed by Christine Barnel with corrections and editions by D. Smail.BibliographyRipert, Laurent, Christine"
598ca3c8-2e5a-41ec-af52-3d9fb9696e29,Inventory of Jacobus Rogerii (AMM FF 1009),AMM FF 1009 (Rogerii),"Archives municipales de la ville de Marseille, Register FF 1009",Latin,7-Aug-1420,Inventory-Insolvency,"Marseille, Bouches-du-Rhône, France","Batrona Rogeria, widow of Jacobus Rogerii,  butcher, is seeking to recover her  dowry of 216l. from the estate of her late husband, along with an additional sum of 52. This is not necessarily a complete inventory; aamong other things, there are no clothes. The total sum assigned here is 176fl. 5gr., i.e. almost exactly the amount assigned. Possibly a number of items were left out of the reckoning. The inventory includes line-item estimates of the value of the items. "
82a803bc-31a9-4d2b-90aa-2901ba0d2fa0,Inventory of Bonafossius Boneti of Lunello (AMM 1 II 44),AMM 1 II 44 (Boneti),"Archives municipales de la ville de Marseille, Register 1 II 44",Latin,5-Jun-1348,Inventory-Guardianship,"Marseille, Bouches-du-Rhône, France","Bonetus Vitalis, a Jew originally from the town of Uzès but now a citizen and resident of Marseille, appears in court. He explains that he has been named as the guardian for Bonetus Bensegnori, the son and heir of Bonafossius Boneti  of Lunel and his wife Doneta, citizens and residents of Marseille, both of whom have died. Bonetus requests permission to undertake an inventory of the estate. The inventory includes a number of brightly colored clothes as well as a number of children's things. The inventory ends abruptly, and since no mention is made of a kitchen, it is possible that the act is incomplete."
6a0fbaff-19a5-410a-b856-2858df74537e,Inventory of Petrus Audeberti (AMM 2 II 11),AMM 2 II 11 (Audeberti),"Archives municipales de la ville de Marseille, Charter 2 II 11",Latin,13-Jan-1258,Inventory-Guardianship,"Marseille, Bouches-du-Rhône, France","This act, currently the earliest inventory in the Marseille collection, concerns the estate of the late Petrus Audeberti, husband of the late Ermessendis. Petrus had a son named Johannes, who married Garcendis, and together they had a child named Guillelmus. Johannes appears to have predeceased his father, and Guillelmus is therefore the heir of his grandfather Petrus. His guardians are his mother and Bernardus de Margaritis. "
ee033754-ea51-42d4-8812-a3b33820cbd5,Inventory of Bertrandus de Serveriis (AMM 1 II 18),AMM 1 II 18 (de Serveriis),"Archives municipales de la ville de Marseille, Register 1 II 18",Old Provençal,1-Jul-1317,Inventory-Postmortem,"Marseille, Bouches-du-Rhône, France","This loose sheet of paper records an estate inventory  in Provençal in three columns. It is likely that the list was set down by Hugo Michaelis, the individual who compiled the inventory. Hugo would have handed the sheet of paper over to the notary of the court, who then annotated it at the end in Latin. The annotation indicates that on the ides of July in 1317, Hugo Michaelis, the guardian of the abandoned goods and inheritance of  Bertrandus, appeared in court. Hugo explains that he made the inventory on the request of Ybelina, the wife of Bertrandus."
d2bc8dbc-626e-4533-b69f-7f658aa7ea90,Inventory of Petrus Castanee (ADBR 355E 1),ADBR 355E 1 (Castanee),"Archives départementales des Bouches-du-Rhône, Register 355E 1",Latin,7-Mar-1348,Inventory-Guardianship,"Marseille, Bouches-du-Rhône, France","No context is provided for this inventory of Petrus Castanee, who died in the middle of the Black Death in March of 1348. This is a lengthy and interesting inventory."
e7973658-10a5-4705-bff9-7e932297ffa5,Inventory of Petrus Saturnini (ADBR 351E 133),ADBR 351E 133 (Saturnini),"Archives départementales des Bouches-du-Rhône, Register 351E 133",Latin,12-Mar-1400,Inventory-Postmortem,"Marseille, Bouches-du-Rhône, France","Petrus Saturnini has died, leaving a testament in which he named his wife Gabriela as the guardian for their children. Gabriela appears in court and requests permission to compile an inventory. A notary accompanies Gabriela to their house in the carreria Jusatarie."
0fd59fdb-47bb-4e9c-b6a7-aee054076b46,Inventory of Augerius Bote (AMM 2 II 221),AMM 2 II 221 (Bote),"Archives municipales de la ville de Marseille, Charter 2 II 221",Latin,15-Jan-1349,Inventory-Guardianship,"Marseille, Bouches-du-Rhône, France","Jacobus Alvernhacii is the guardian for Jacmetus Bote, the son and heir of late Augerius Bote and the late Aynesia. He comes before the court and explains that Augerius died not long ago, and he requests permission to conduct an inventory of the estate so that he can manage it with benefit of inventory. This inventory, and probably this very same instrument, is referred to in the inventory of Johannes Casse, to whom some of the property listed in this inventory appears to have descended. "
cb2a7287-a6db-4ba4-8368-4f56a138dc68,Inventory of Guillelmus Vesini (ADBR 3B 145),ADBR 3B 145 (Vesini),"Archives départementales des Bouches-du-Rhône, Register 3B 145",Latin,22-May-1405,Inventory-Taking up inheritance,"Marseille, Bouches-du-Rhône, France","In his testament dated 14 October 1402, Guillemus named Peyretus Vesini, his son, as his universal heir. His wife Garcendis was named as the guardian of the estate. She wishes to take up the inheritance with benefit of  inventory."
771e8d27-0c12-498d-a540-760473e484d1,Dowry of Ayneseta Fabressa (ADBR 351E 137),ADBR 351E 137 (Fabressa),"Archives départementales des Bouches-du-Rhône, Register 351E 137",Latin,30-Dec-1405,Inventory-Dowry,"Marseille, Bouches-du-Rhône, France","Ayneseta, daughter of the late Petrus Fabri and his wife Rixendis, married Nicolauetus Fabri, a fisherman, on 1 February 1392. In the dowry contract, goods and property valued at 240 l. were assigned to him. Ayneseta has been infirm for many years, however, and Nicolauetus has had to travel abroad on business in order to make a living. It appears that tensions have arisen between the couple, resulting in an act of arbitration. As a result of the arbitration, Nicolauetus, in this act, consigns ownership of goods and property to his wife for the necessary amount. At the end of the act, Ayneseta and her mother declare that the debt has been acquitted."
a502b38b-0151-4161-9f43-5a329c2bb63b,Inventory of Catharina Bollegone (ADBR 351E 179),ADBR 351E 179 (Bollegone),"Archives départementales des Bouches-du-Rhône, Register 351E 179",Latin,12-Oct-1395,Inventory-Donation,"Marseille, Bouches-du-Rhône, France","A rubric that is canceled suggests that the goods listed in this inventory belong to Catherine Bollegone. They are in the house of Johannes Martini, her son-in-law."
f6a6724c-017c-49e1-95d0-7048c8018b15,Inventory of Sileta Lhautaude (ADBR 351E 211),ADBR 351E 211 (Lhautaude),"Archives départementales des Bouches-du-Rhône, Register 351E 211",Latin,3-Dec-1421,Inventory-Postmortem,"Marseille, Bouches-du-Rhône, France","Very little context is provided for the compilation of this inventory. The late Sileta was the wife of the late Monnetus Lautaudi, a seaman of the city. Her brother is Anthonetus Garini; also present is Johannetus Pellisserii, seaman,  her daughter Catherineta, and other individuals. The estate includes some interesting jewels and coins."
5c2702fa-224b-4042-9b87-08c3d07a8ff2,Inventory of Bermona Ruffa (AMM 1 II 44),AMM 1 II 44 (Ruffa),"Archives municipales de la ville de Marseille, Register 1 II 44",Latin,13-Jun-1350,Inventory-Postmortem,"Marseille, Bouches-du-Rhône, France","Petrus de Antibolo appears in court and explains to the judge that Bermunda Ruffe has recently died, and during her final illness she executed a testament in which she named Petrus as her heir. He requests permission to undertake an inventory of the estate. The estate, which is not extensive, includes a spinning wheel and ten small Sardinian cheeses."
c856d1d3-b100-4a65-8f9a-8f93d4d1a921,Inventory of Allays Gasc (AMM 1 II 18),AMM 1 II 18 (Gasc),"Archives municipales de la ville de Marseille, Register 1 II 18",Old Provençal,1-May-1315,Inventory-Postmortem,"Marseille, Bouches-du-Rhône, France","The inventory was made at the request of Johan Gasc, Luin Gasc, and Martin Gasc, sons and heirs of Allays Gasc. The document, written in Provençal, is damaged and extremely difficult to read. The Provençal words used are unusual, compared to similar Provençal records from later in the fourteenth century, and for that reason the document is unusually important and merits more careful study. It is also one of the earliest inventories laid out in tabular format."
3bd11b8d-1f1c-489e-a38b-6eca60bb31d2,Inventory of Rixendis Calverie (ADBR 351E 240),ADBR 351E 240 (Calverie),"Archives départementales des Bouches-du-Rhône, Register 351E 240",Latin,27-Jan-1431,Inventory-Legacy,"Marseille, Bouches-du-Rhône, France","Domina Cardona Scandalhe, with the permission of Petrus Garrigue, her husband, acknowledges to Catherine, her daughter, the heir of domina Rixendis Calverie, widow of Johan de Bosco alias Barbavarie, that she received from her the hospicium that the testatrix left. The house is located in the carreria Nicolay Benaiga. She also receives all garments, both linen and woolen, both for daily wear and for festival occasions."
c9ba6da9-6e43-413c-a750-e937e8766a29,Inventory of Nicholaus Stornelli (AMM 4 II 28),AMM 4 II 28 (Stornelli),"Archives municipales de la ville de Marseille, Charter 4 II 28",Latin,19-Jan-1389,Inventory-Taking up inheritance,"Marseille, Bouches-du-Rhône, France","Johannes Elie, acting as a relative and representative of Jacobus Stornelli, co-heir of the late noble Nicolaus Stornelli, appears in court, along with Egidius Augilerii, the husband of Receneta, who is also a co-heir of Nicolaus. The two men wish to take up the inheritance with benefit of inventory. The estate is not exceptionally important but it includes a number of interesting things, including several paternosters made of coral and silver. Note that a testament left by a Nicolaus Stornelli is available in the DALME library, although the testament is from much earlier, 1355, suggesting that there are two individuals."
b3ab4213-a131-4911-8c07-1389fe5fe201,Inventory of Petrus Baboti (ADBR 351E 95),ADBR 351E 95 (Baboti),"Archives départementales des Bouches-du-Rhône, Register 351E 95",Latin,27-Aug-1395,Inventory-Postmortem,"Marseille, Bouches-du-Rhône, France","Acting on the orders of a judge, two agents of the court put Johannona, widow of Petrus Baboti, in corporal possession of two houses belonging to her late husband. The act also lists several items pertaining to the estate. "
e896dfe2-a02b-43e7-8b7d-9124730bf29a,Auction of the goods of Catherina Lumbarde (AMM FF 591),AMM FF 591 (Lumbarde),"Archives Municipales de la ville de Marseille, Register FF 591",Latin,7-Nov-1408,Auction,"Marseille, Bouches-du-Rhône, France","Laurencius Bernardi, a merchant, appeared in court to explain that Catherina Lumbarde was indebted to him in the amount of 5 gold florins and 8 silver gros, arising from unpaid rent on a house. Some of Catherina's belongings were distrained and she was ordered to redeem them, if she wished, within a certain time period. Since she failed to do so, Laurencius requested permission to take possession of the items and auction them off to the highest bidder. The judge granted the request, and a notary of the court, accompanied by a crier, went to the house to seize the goods. During or following the auction, the notary redacted the inventory included here, identifying the purchaser, the object, and the price fetched. "
1988b585-41ec-4cd7-b01d-9d12a73869c3,Testament of Nicolaus Stornelli (AMM 4 II 44),AMM 4 II 44 (Stornelli),"Archives municipales de la ville de Marseille, Charter 4 II 4",Latin,1355,Testament,"Marseille, Bouches-du-Rhône, France","Testament of Nicolaus Stornelli, from 1355. See the 1389n inventory of Nicolaus Stornelli elsewhere in the DALME collection. There is an unusual gap between the dates, so it is possible that the two individuals are unrelated."
b16b6993-3556-41b2-b1fa-1c5afe2e996f,Inventory of Guillelmus Gaufridi (ADBR 351E 144),ADBR 351E 144 (Gaufridi),"Archives départementales des Bouches-du-Rhône, Register 351E 144",Latin,7-Aug-1387,Inventory-Postmortem,"Marseille, Bouches-du-Rhône, France","This is the inventory of Guillelmus Gaufridi, an urban peasant; the context is not given. "
1f4f7b3b-6f5d-4342-b516-47e6476ab80d,Inventory of Guillelmus Pichoni (ADBR 355E 1),ADBR 355E 1 (Pichoni),"Archives départementales des Bouches-du-Rhône, Register 355E 1",Latin,9-Mar-1348,Inventory-Postmortem,"Marseille, Bouches-du-Rhône, France","This is an inventory for the late Guillelmus Pichoni, who died at the height of the Black Death in March of 1348. Little context is provided in the act itself, although we know from other sources that he was a draper. His wife was named Alaseta and he had two daughters, Catherina and Johanna, the latter of whom was a nun. "
36620fcd-ca7f-4608-9ca4-1519951bacce,Inventory of Fulco Amati (ADBR 3B 32),ADBR 3B 32 (Amati),"Archives départementales des Bouches-du-Rhône, register 3B 32",Latin,14-Nov-1336,Inventory-Guardianship,"Marseille, Bouches-du-Rhône, France","Francisca, the widow of Fulco Amati, appeared in court along with their sons Peyretus, aged 17, Jacmetus, aged 11, Cabriel, aged 9, and Marcellona, aged 6. Fulco had died intestate in Naples, leaving his children as his heirs. They have no guardian. The record opens with several folios that record the judicial proceedings, and the inventory begins on folio 20r."
55a1cca4-8d71-4fb0-abb8-4ae0b350acaa,Inventory of Guillelmus de Cavallione (ADBR 3B 145),ADBR 3B 145 (Cavallione),"Archives départementales des Bouches-du-Rhône, Register 3B 145",Latin,12-Nov-1405,Inventory-Taking up inheritance,"Marseille, Bouches-du-Rhône, France","Jacobus Guillelmi appears in court on behalf of his sister, Lady Massileta, widow of Guillelmus de Cavallione, and requests an inventory of the estate. The items include a parrot's cage. "
d5ee438c-9618-4fcd-b041-b7d390a9f081,Inventory of Nadala Raymunde (ADBR 351E 220),ADBR 351E 220 (Raymunde),"Archives départementales des Bouches-du-Rhône, Register 351E 220",Latin,26-May-1433,Inventory-Premortem,"Marseille, Bouches-du-Rhône, France","Lying ill in bed, Nadala Raymunde, the widow of the late Anthonius Raymundi, an urban peasant, is making her testament so as to avoid any disputes among her heirs. Unusually,  she chooses to include a list of her assets. "
2bf958fd-d88f-4110-b195-f7cd1b22e140,Inventory of Anthonius Boneti (AMM FF 1009),AMM FF 1009 (Boneti),"Archives municipales de la ville de Marseille, Register FF 1009",Latin,5-Nov-1421,Inventory-Insolvency,"Marseille, Bouches-du-Rhône, France","Anthonius Boneti, an apothecary, is bankrupt and his wife Johaneta is seeking to recover her dowry of 100 florins and an additional sum of 4 florins, plus expenses, from his estate. The resulting inventory provides a room-by-room description of the house, including interesting line-item references to the spices and other products in his shop. The inventory includes line-item estimates of the value of the items. "
fa80a3c6-a50a-4219-8116-95df92e2aae8,Inventory of Petrus Melerii (AMM FF 1009),AMM FF 1009 (Melerii),"Archives municipales de la ville de Marseille, Register FF 1009",Latin,7-Dec-1420,Inventory-Insolvency,"Marseille, Bouches-du-Rhône, France","Hugueta, wife of Petrus Melerii, is seeking to recover a dowry of 34l. (21fl. 2gr.) The inventory includes line-item estimates of the value of the items. "
5eecfff8-20ff-4175-a33f-4571c5409c21,List of objects of Hugo de Sancta Maria (AM FF 532),AM FF 532 (de Sancta Maria),"Archives municipales de la ville de Marseille, Register FF 532",Latin,1353,Inventory-List of objects,"Marseille, Bouches-du-Rhône, France",This is a fragmentary list of objects from a court case in 1353 that appears to involve Hugo de Sancta Maria.
acafc0c9-1dd6-4136-b1b3-57ee32fd8d2b,Inventory of Ricardus Jullani (AMM FF 501),AMM FF 501  (Jullani),"Archives municipales de la ville de Marseille, Register FF 501",Latin,19-Jul-1297,Inventory-Guardianship,"Marseille, Bouches-du-Rhône, France","Gayranna, the mother of the late Ricardus Jullani, appeared in court to request permission to register the inventory of her son's estate. Ricardus had died some time earlier, leaving six children. In his testament,he assigned certain sums of money to his daughters Jacmeta and Aycardeta, and named his sons Giraudetus, Jacmetus, Peyretus, and Raymundetus as his universal heirs in equal parts. In the testament, he also named his widow Raymunda as the children's guardian. The inventory recorded here was occasioned by the fact that Raymunda had decided to marry again and  was  no longer able to serve as the children's guardian. Gayranna therefore requested that she be named as  guardian along with Poncius de Sancto Martino. This is a remarkable inventory of the shop of an apothecary and a general merchandiser who specialized in the coral trade. The register has been damaged by book lice and humidity, and expert analysis will improve the first-pass transcription that we make available here. A partial transcription, including a glossary, is available in G. D’Agnel and Émile Isnard, “Inventaires de mobiliers provencaux du XIIIe siècle tirés des archives de Marseille,” Comité des Travaux Historiques et Scientifiques, Bulletin Archéologique 1 (1914): 103–105."
d3178b3a-5e26-489d-b3fd-f2a906c21245,Inventory of Raymundus de Buco (ADBR 355E 309),ADBR 355E 309 (de Buco),"Archives départementales des Bouches-du-Rhône, Register 355E 309",Latin,12-Feb-1411,Inventory-Generic,"Marseille, Bouches-du-Rhône, France","Catherina, the widow of Raymundus de Buco, a cord-maker, appeared in court and declared that her husband died recently, leaving a testament in which he named his three sons and daughter as his universal heirs. He also named Catherina as the children's guardian. This is a well-to-do household, and includes some very interesting references to raw materials used for making cords and belts. Transcriber: Juliette Calvarin"
d92ab61d-68ee-4ced-8b06-0e3863c7b805,Inventory of Rixendis Cambale (ADBR 355E 309),ADBR 355E 309 (Cambale),"Archives départementales des Bouches-du-Rhône, Register 355E 309",Latin,2-Jun-1410,Inventory-Guardianship,"Marseille, Bouches-du-Rhône, France","This is an act of guardianship for Jacmoneta, daughter of the late Jacmetus Nielli and Alaxieta, now the wife of Raymundus de Syon, merchant of Marseille. The guardianship concerns the estate that Jacmoneta has inherited from the late Rixendis Cambale, one of Marseille's great women-merchants. Immediately after the inventory was made, portions of Rixendis's estate--primarily worn or cheap kitchenwares and linens--were auctioned off piecemeal to the highest bidders (the auction is available in the DALME collection). The estate includes many items bearing the arms of Johannes Nielli, the girl's grandfather and Rixendis's late husband, as well as an extensive list of items in the apothecary's shop belonging to the family business. It is one of the rare inventories from Marseille to mention relics.  "
35e723ae-75d4-48d2-ac74-f00eec55de2d,Inventory of Hugua (ADBR 351E 124),ADBR 351E 124 (Hugua),"Archives départementales des Bouches-du-Rhône, Register 351E 124",Latin,11-Mar-1388,Inventory-Generic,"Marseille, Bouches-du-Rhône, France",Very little context is provided for this inventory of a woman named Hugua.
45c7a390-38ac-4df0-9b96-ea443c22be72,Inventory of Bertrandus Marini (AMM FF 501),AM FF 501 (Marini),"Archives municipales de la ville de Marseille, Register FF 501",Latin,23-Mar-1297,Inventory-Taking up inheritance,"Marseille, Bouches-du-Rhône, France","Three women appear in court: Marina de Castellana, wife of the late Petrus de Castellana; Garcia, wife of Petrus Berrerii; and  Garcendis, wife of the late Bertrandus Arnulfi. They explain that their father Bertrandus Marini has died, having left a testament in which he named his three daughters as his heirs. They wish to take up the estate with benefit of inventory. The inventory was originally transcribed by Christine Barnel with corrections and addtions by D. Smail. Bibliography: Ripert, Laurent, Christine Barnel, Henri Bresc, Pascal Herberth, and Florence Colin, eds. Matériaux pour l’étude de la vie domestique et de la culture matérielle en Provence aux derniers siècles du Moyen Age. Razo (Nice). Cahiers du centre d’études médiévales de Nice 13. Pp. 47-48. Nice, France: Université de Nice, 1993."
334012dd-c41e-4b4a-89a0-da460cd92b7f,Inventory of Isnardus Raymbaudi (AMM FF 1009),AMM FF 1009 (Raymbaudi),"Archives municipales de la ville de Marseille, Register FF 1009",Latin,13-Feb-1422,Inventory-Insolvency,"Marseille, Bouches-du-Rhône, France","Sibilia, widow of Isnardus Raymbaudi, jurist,  is seeking to recover a dowry of 300 florins. The house is worth 62fl. 6gr. She is still owed 181fl. 5gr. 3q. Apparently she received 121 fl. 6gr. and 1q. The goods are therefore worth 59fl. and 1q. The inventory includes line-item estimates of the value of the items. "
dace64e8-1ae3-43cf-bbdb-e3d74314a2a5,Inventory of Victor de Massello (AMM FF 1009),AMM FF 1009 (Massello),"Archives municipales de la ville de Marseille, Register FF 1009",Latin,10-Mar-1421,Inventory-Insolvency,"Marseille, Bouches-du-Rhône, France","Lady Hugeta is seeking to recover her dowry of 160l. from the estate of her late husband, Victor de Massello. The total with expenses is 113fl. 11gr. 1q. The total value of estate is the same. Land is worth 81fl.; goods worth 32fl. 11gr. 1q. The inventory includes line-item estimates of the value of the items. "
b3ebf506-da2e-47a5-9a73-06fb4c51c1ab,Inventory of Mosse Creguti (ADBR 3B 145),ADBR 3B 145 (Creguti),"Archives départementales des Bouches-du-Rhône, Register 3B 145",Latin,20-Nov-1405,Inventory-Repudiation of inheritance,"Marseille, Bouches-du-Rhône, France","Arfila, the widow of Mosse Creguti, appeared in court. She explained that the late Mosse died intestate not long ago, leaving his sons Salvetus and Astruguetus as his presumptive heirs. Sensing that the estate was burdened with debts, however, they chose to repudiate it. What emerges from the subsequent proceedings is that the estate is obligated to Arfila for her dowry of 40 florins. Master Abraam de Mayranicis, a physician, was named as guardian for the undefended estate. The inventory compiled by Abraam has a number of interesting objects, including three books written in Hebrew, a rooster, and three hens."
8c6eecad-2eb6-4e56-b919-141ec8c218c0,Inventory of Biatrix Martina (ADBR 351E 222),ADBR 351E 222 (Martina),"Archives départementales des Bouches-du-Rhône, Register 351E 222",Latin,7-Dec-1403,Inventory-Donation,"Marseille, Bouches-du-Rhône, France","Biatrix, the widow of a plasterer named Johannes Martini, is suffering from an unspecified illness. She is giving all her goods in comanda to her son, magister Aycardus Martini, her son. He promises to restore the goods when asked. A note at the end indicates that Biatrix survived and recovered her goods."
9e7b8e5b-681b-41ab-8818-6e8894ced204,Inventory of Berengarius de Bulbono (AMM 2 II 291),AMM 2 II 291 (de Bulbono),"Archives municipales de la ville de Marseille, Charter 2 II 291",Latin,23-Sep-1361,Inventory-Postmortem,"Marseille, Bouches-du-Rhône, France","Johannes de Monteolivo, of Arles, appears in court. He explains that Berengarius de Bulbono, knight, died recently, having left a testament in which he named Johannes as his heir. Johannes intends to take up the inheritance with benefit of inventory. A notary of the court was asked to go to Berengarius's house so as to transcribe all the movables and immovables, and the creditors were invited to attend. The inventory is extensive and includes a number of unique objects, such as a bathtub designed for ladies and several items from the Barbary coast. The instrument ends abruptly, indicating that one or more leaves of parchment have been lost, although the list of assets shows every sign of drawing to an end. The photomerged image currently displayed has some errors. Also available for consultation in the DALME collection is the testament of Berengarius de Bulbono, although the text has not yet been transcribed. The inventory was originally transcribed by Christine Barnel with corrections and editions by D. Smail.BibliographyRipert, Laurent, Christine Barnel, Henri Bresc, Pascal Herberth, and Florence Colin, eds. Matériaux pour l’étude de la vie domestique et de la culture matérielle en Provence aux derniers siècles du Moyen Age. Razo (Nice). Cahiers du centre d’études médiévales de Nice 13. Pp. 63-71. Nice, France: Université de Nice, 1993."
d6223aae-67af-4ffa-8362-dbd5f455ecf9,Inventory of Ugona Rebolla (ADBR 351E 203),ADBR 351E 203 (Rebolla),"Archives départementales des Bouches-du-Rhône, Register 351E 203",Latin,27-Jun-1444,Inventory-Dowry Restitution,"Marseille, Bouches-du-Rhône, France","Hugoya, the widow of Hugo, appears in court with her sons Anthonius and Guilellmus. She claims that they are obligated to restore to her the movable goods and utensils that she brought with her into her marriage with Hugo."
a19467bc-cfcc-4cd6-9628-47a2a43454cc,Inventory of Arnulphus de Parisius (ADBR 351E 95),ADBR 351E 95 (de Parisius),"Archives départementales des Bouches-du-Rhône, Register 351E 95",Latin,7-Jun-1395,Inventory-Postmortem,"Marseille, Bouches-du-Rhône, France","This is the inventory of a priest or canon, probably associated with the cathedral church of Marseille, Beate Marie Sedis Massilie"
a073862a-77b9-4669-a17e-c16d5b4abe2a,Auction of goods of Antoneta Bonivine (ADBR 351E 172),ADBR 351E 172 (Bonivine),"Archives départementales des Bouches-du-Rhône, Register 351E 172",Latin,5-Mar-1420,Auction,"Marseille, Bouches-du-Rhône, France","This acts, from March of 1420, presents a list of items belonging to Antoneta Bonivine which she had consigned to Fossetus Mahier on the understanding that he would auction them. The expectation is that the items would fetch 25 florins in toto, and Fossetus acknowledges owing this sum to Antoneta. A follow-up act from August of the same year indicates that the transaction was completed successfully. The items include three houppelandes and several other garments, and the presence of several arms suggests that these items had belonged to Antoneta's late husband Johannes. The foliation is uncertain"
200ab0dd-01d3-4858-8910-ff27c52cd843,Inventory of Martha Flote (ADBR 351E 17),ADBR 351E 17 (Flote),"Archives départementales des Bouches-du-Rhône, Register 351E 17",Latin,18-May-1371,Inventory-Dowry,"Marseille, Bouches-du-Rhône, France","This is a dowry act for Monnerius Pauli, alias Marini, formerly a resident of Auriol, and Martha Flote, daughter of the late Hugo Floti of the castrum. The dowry she assigns to her new husband includes what appears to be Martha's complete estate. The estate includes a silk veil or headdress (velum), which is unusual in rural areas. "
4f384486-4078-43d3-8502-06285f344de3,Inventory of the priest Guillelmus Valencie (ADBR 5G 775),ADBR 5G 775 (Valencie),"Archives départementales des Bouches-du-Rhône, Register 5G 775",Latin,5-Jul-1407,Inventory-Taking up inheritance,"Marseille, Bouches-du-Rhône, France","Johannes Mounerii, jurist, procurator for the episcopal chapter, appears in court, along with Biatrix Gavota, wife and heir of Pauleti Laurencii. They explain that lord Guillelmus Valencie, a priest and beneficed cleric in the church of Marseille, has died, leaving a testament in which he declared Biatrix to be his heir for life. They request permission to conduct an inventory. The second half of the dossier, not yet read or analyzed, appears to consist of a set of accounts describing services provided by Guillelmus."
fe4491c0-531f-4d5f-ac1d-d2cde3875d25,Inventory of Bertrandus Fulconis (ADBR 355E 309),ADBR 355E 309 (Fulconis),"Archives départementales des Bouches-du-Rhône, Register 355E 309",Latin,7-Oct-1410,Inventory-Guardianship,"Marseille, Bouches-du-Rhône, France","Guillelmus Fulconis, the cousin of Bertrandus Fulconis, laborer, appeared in court and declared that Bertrandus had died, naming Nicholaus, the son of Guillelmus, as his heir. He requests permission to make an inventory. "
c97050ea-aea7-4e3f-87c8-c7e201df0ea3,Inventory of Honoratus Bavili (AMM FF 591),AMM FF 591 (Bavili),"Archives Municipales de la ville de Marseille, Register FF 591",Latin,11-Oct-1407,Inventory-Insolvency,"Marseille, Bouches-du-Rhône, France","Lazaretus Raynoardi, a draper, and Astruguetus Salveti Tamerani, a Jew, appear before the judge. Honoratus Bavili, the son of the late notary Guillelmus Bavili, has been incarcerated for debts and both Lazaretus and Astruguetus, who are among Honoratus's creditors for 9 florins and 16 florins respectively, request the judge to prepare an inventory of his estate. They are concerned that goods might be removed from the house. The inventory is incomplete."
bdbcddc0-9f22-4219-ad57-a46367245b6c,Inventory of Enricus Palmanayre (ADBR 355E 1),ADBR 355E 1 (Palmanayre),"Archives départementales des Bouches-du-Rhône, Register 355E 1",Latin,5-Apr-1348,Inventory-Postmortem,"Marseille, Bouches-du-Rhône, France","This inventory, executed at the very height of the Black Death in April of 1348, was made for Laurencia Palmanayre, the widow of the late Enricus Palmanayre and guardian for Amadeta, their daughter, her husband's heir. We know from other sources that Enricus was a maker of sheaths or scabbards (gaynerius). His estate suggests a relatively modest economic standing--his house, for example, does not appear to have had many rooms--although he did possess four rural properties and was a winemaker. The estate included numerous arms and weapons."
77a0fab0-c32f-4010-9212-8d067655e16d,Inventory of Jacobus de Landa (AMM FF 1009),AMM FF 1009 (Landa),"Archives municipales de la ville de Marseille, Register FF 1009",Latin,16-Jun-1421,Inventory-Insolvency,"Marseille, Bouches-du-Rhône, France","Catharina, wife of Jacobus de Landa, shoemaker, is seeking to recover a dowry of 100fl. and expenses of 3fl. 4gr. The goods only are worth 28fl. 2½gr. The inventory includes line-item estimates of the value of the items. "
67d7e0e8-f2c0-4db1-8cc1-4cebe40c1d72,Inventory of Anthonius Bermundi (ADBR 3B 144),ADBR 3B 144 (Bermundi),"Archives départementales des Bouches-du-Rhône, Register 3B 144",Latin,1405,Inventory-Postmortem,"Marseille, Bouches-du-Rhône, France","Little context is provided for this record of the estate of Antonius Bermundi, who appears to have been in the wine-production business.. The items listed, which include several arms, are typical of a Provençal household at the time. One of the rooms, unusually, is identified as the bedroom of the servant."
763e6aaa-1e6c-4449-b4ca-24a92768dc0b,Inventory of the goods of Johanneta Aymara (ADBR 351E 208),ADBR 351E 208 (Aymara),"Archives départementales des Bouches-du-Rhône, Register 351E 208",Latin,15-Sep-1407,Inventory-Comanda,"Marseille, Bouches-du-Rhône, France","Johanneta Aymara, a sex worker, drew up this inventory of the brothel she managed because she was about to set out on a pilgrimage to the shrine of the Blessed Virgin Mary of Le Puy. Shortly before departure, pilgrims often left their goods in the power of a trusted friend or relative, using a legal contract known as a ""comanda."" Comanda contracts were most commonly used for commercial investments, but they could also serve the needs of pilgrims as well, since they gave the temporary holder the ability to manage the goods for a profit. Upon the return of the pilgrim, the trusted friend would then restore the goods to the owner. Johanneta shared her house and assets with her concubinous partner, Johannetus Raynaudi, described in the record as her ""amicus."" The management of the goods listed in this inventory, however, was assigned to their servant, Anthonius Soquini, possibly because Johannetus was intending to go on pilgrimage as well. As suggested by the number of beds (four), this inventory describes a working brothel. The presence of spits, other cooking implements, tablewares, and twenty-seven amphorae indicates that Johanneta offered good food to her clients. Noteworthy is a retable (an image or a shrine) depicting the Blessed Virgin Mary. The witness list consisted of two associates of Marseille's ""sub-vicar,"" an officer who can be considered the city's chief-of-police. One expects that they were among Johanneta's trusted clients."
81a61773-d09b-4c01-92b7-1509c0e9cd0b,Inventory of Guillelmus Broquerii (AMM 1 II 23),AMM 1 II 23 (Broquerii),"Archives municipales de la ville de Marseille, Register 1 II 23",Latin,24-Jul-1298,Inventory-Generic,"Marseille, Bouches-du-Rhône, France","Succession and inventory for Guillelmus Broquerii, requested by his brother Hugo.Guillelmus, aged more than 25 years, Peyreonus, aged between 14 and 25 years, Duratonus, aged between 10 and 14 years, and  Johannetus, between 6 and 12 years. Berengaria is his widow. Hugo asks to be named guardian for his nephews. "
dafcd623-3b50-478c-963b-26848040f36f,Inventory of Fosse (ADBR 3B 150),ADBR 3B 150 (Fosse),"Archives départementales des Bouches-du-Rhône, Register 3B 150",Latin,2-Jul-1412,Inventory-Postmortem,"Marseille, Bouches-du-Rhône, France","This is an inventory for the late Fossa, who died in the summer of 1412. Fossa may be the widow of Astruguet Ali alius Jossé, a coral fisherman. She appears in one other act from 1390. We know that Fosse had two daughters and a son, Astruga (who was the widow of Astrug, also a Jew), Anne, and Codolletus. The inventory was drawn up at the request of Codolletus on behalf of Anne, Fosse's only heir. The inventory is remarkable for the presence of Jewish devotional objects, many paternosters or rosaries, many objects made of coral, possessions held in pawn, precious jewels and silks, and articles of clothing described as specifically ""Jewish."""
8e86301a-ce38-496e-9851-679fa19e0a93,Auction of miscellaneous goods (ADBR 3B 144),ADBR 3B 144 (Miscellaneous auction),"Archives départementales des Bouches-du-Rhône, Register 3B 144",Latin,28-Apr-1406,Auction,"Marseille, Bouches-du-Rhône, France",A miscellaneous list of goods with their auction prices are found on these two folios. The parties involved include the nobleman Berengarius Vivaudi and a woman named Aycelena.
7a77f241-e044-4fed-ab6c-7e22aa19cc32,Inventory of Thomacius Blanquerii (ADBR 355E 1),ADBR 355E 1 (Blanquerii),"Archives départementales des Bouches-du-Rhône, Register 355E 1",Latin,12-Apr-1348,Inventory-Postmortem,"Marseille, Bouches-du-Rhône, France","Jacoba Blanqueria, the daughter of Petrus de Brandisio and the wife of the late  Thomacius Blanquerii, appears in court. She explains that her husband died recently, leaving a daughter and heir, Bartholomea, who is a child and has not been provided with a guardian. As the child's mother and closest kin, she humbly requests that the guardianship be assigned to her. The judge complies, and Jacoba proceeds with the inventory. "
6c8ca3cc-e578-4c0d-9403-9ffd5977c7de,Inventory of Johannes Molnerii (ADBR 351E 252),ADBR 351E 252 (Molnerii),"Archives départementales des Bouches-du-Rhône, Register 351E 252",Latin,17-May-1441,Inventory-Insolvency,"Marseille, Bouches-du-Rhône, France","A house and forge belonging to the late Johannes Borrelli, a smith, and his wife Francisca were sold at auction by order of the court of Marseille. The reason for the court-ordered sale is not given; it may relate to a criminal fine or bankruptcy. The property and its contents were subsequently purchased by Johannes Molnerii, an apothecary. Now, Johannes Molnerii is selling the property to the smith  Johannes Jauberti and his wife Hugona. The  purchasers are described as being from France and appear to be recent immigrants. For the house and forge, they agree to pay 96 florins of France, and for its contents, 20 florins and 8 gros. The total sum is 116 florins and 8 gros, and a plan is set up allowing the couple to pay in installments."
f454b622-4acf-42c8-98dc-2c7700e2c4f0,Inventory of the priest Raymundus Adsami (AMM FF 1009),AMM FF 1009 (Adsami),"Archives municipales de la ville de Marseille, Register FF 1009",Latin,25-Oct-1420,Inventory-Postmortem,"Marseille, Bouches-du-Rhône, France","This is the inventory of the estate of the priest Raymundus Adsami, carried out at the request of Alasacia Adsame, wife of Guillelmus Fabri, and Petrus Boneti, his heirs."
0f19f762-2316-4174-b908-7b87808c286d,Price list (ADBR 351E 198),ADBR 351E 198 (Price list),"Archives départementales des Bouches-du-Rhône, Register 351E 198",Latin,28-Feb-1440,unclear,"Marseille, Bouches-du-Rhône, France","Although the context for this act is unclear, the list seems to describe goods that are being deposited or invested in an enterprise. Two Jewish assessors were paid to provide value estimates for the goods, consisting of beds, bed linens, tables, and kitchen furnishings."
7cbce5c3-e032-4ae5-98bb-6c25f79ab662,Inventory of Sanxia Raolina (ADBR 3B 38),ADBR 3B 38 (Raolina),"Archives départementales des Bouches-du-Rhône, Register 3B 38",Latin,27-Jul-1339,Inventory-Dowry Restitution,"Marseille, Bouches-du-Rhône, France","This inventory arises from a very complex lawsuit that was initiated in July of 1339. Bartholomeus Martini senior had been married to a woman named Sanxia, and she bore two sons, Bartholomeus junior and Raolinus. Both sons got married, Bartholomeus to a woman named Francisca and Raolinus to Nicolaua. Fourteen years ago, Sanxia died, naming her two sons as her heirs, but granting her husband Bartholomeus senior usufruct of the inheritance for life. She herself had been the sole heir of her father Raymundus Raolini, so her estate was worth a great deal. After Sanxia's death, Bartholomeus senior married a woman named Nicolaua, and together they had children. Because he is old and senile, according his sons, they are concerned that the Raolini inheritance will go to his children by Nicolaua. Accordingly, they are taking steps to recover the Raolini estate from the estate of their father. In addition, their two wives are seeking to recover their dowries from the estate. Francisca's dowry is worth 300l., and Nicolaua's 600l. The entire case may be found in ADBR 3 B 38, folios 135r to 164r. The images provided here are limited to the signature containing the inventory, which was bound into the court register."
9e179da4-248e-4cd8-a9e5-c05706011853,Inventory of Bertrandus de Vellancio (ADBR 351E 142),ADBR 351E 142 (Vellancio),"Archives départementales des Bouches-du-Rhône, Register 351E 142",Latin,23-Mar-1415,Inventory-Postmortem,"Marseille, Bouches-du-Rhône, France","This act records the estate inventory of a goldsmith named Bertrandus de Vellancio, executed by his wife Gassenda for their daughter whose name appears to be Constancia. Among other things, it includes some devotional items he was working on at the time of his death."
3c6145b8-87d9-4c92-909a-e9562c71e25e,Inventory of Andreas de Garda (ADBR 392E 1),ADBR 392E 1 (de Garda),"Archives départementales des Bouches-du-Rhône, Register 392E 1",Latin,3-Jul-1394,Inventory-Postmortem,"Marseille, Bouches-du-Rhône, France","Hugueta, the widow of the late fisherman Andreas de Garda, appeared in court, explaining that her late husband died the previous month, on the 7th of June, having left a testament in which he named Hugueta and their children, Jacmetum and Ludovicetum, along with his step-son, Bertrandus Radulphi, as his universal heirs. He had not made arrangements for the children's guardian, however, and Hugueta requested that she be named the children's guardian. This is a well-to-do estate of a fisherman which lists several fishing boats and a small inventory of nets with their Provençal names. Other interesting items include two fencing swords and an entry for apothecary's preparations taken by Andreas in his final illness."
183fa6ed-95a3-467e-a224-80156ea90a7b,Inventory of Rixendis Blanchana (AMM FF 501),AMM FF 501 (Blanchana),"Archives municipales de la ville de Marseille, Register FF 501",Latin,28-Apr-1297,Inventory-Taking up inheritance,"Marseille, Bouches-du-Rhône, France","Rixendis Blanchana has died, leaving a testament in which she named Olivarius, son of dominus Rollandus de Mari, as her heir. The estate included a house and a fairly undistinguished assortment of goods. An addendum listed some clothing not found in the original inventory."
e5474052-3368-4361-9eca-d54c7674468c,Inventory of Narratus (ADBR 351E 152),ADBR 351E 152 (Narratus),"Archives départementales des Bouches-du-Rhône, Register 351E 152",Latin,14-Nov-1399,Inventory-Postmortem,"Marseille, Bouches-du-Rhône, France","This inventory is found in a notarial register apparently containing miscellaneous court business, date uncertain"
5a597d54-4c61-483b-9004-fdb427a5a6b9,Inventory of Guillelma Ginhaque (ADBR 3B 41),ADBR 3B 41 (Ginhaqua),"Archives départementales des Bouches-du-Rhône, Register 3B 41",Latin,1-Jun-1340,Inventory-Insolvency,"Marseille, Bouches-du-Rhône, France",Guillelma is a debt-fugitive and has abandoned her assets to her creditors. See also the inventory of Raymundus Cabrerii in this collection. 
31ea1698-bcfc-434f-8172-72f8ed82eb91,Inventory of Antonius Stephani (ADBR 355E 309),ADBR 355E 309 (Stephani),"Archives départementales des Bouches-du-Rhône, Register 355E 309",Latin,11-Apr-1410,Inventory-Postmortem,"Marseille, Bouches-du-Rhône, France","Antonius, a macellarius or butcher, died not long ago; he left a testament dated 1409, 21 March, and instituted as his universal heirs Pellegrinus and Fulquetus, his sons, in equal parts. Among the many interesting items in this inventory are two dog collars, a very rare instance of the material culture of dogs. The notary has carefully crossed out a series of ""Items"" in this inventory."
9b914bd7-fe71-413c-bfcd-96a77f0db3b5,Inventory of Johannes de Bui or Macipetus Maurelli (ADBR 351E 152),ADBR 351E 152 (Bui or Maurelli),"Archives départementales des Bouches-du-Rhône, Register 351E 152",Latin,9-Mar-1400,Inventory-Criminal Inquest,"Marseille, Bouches-du-Rhône, France","Very little context is provided for this inventory. It lists the assets of an individual who is being prosecuted for an unspecified crime. The date is uncertain. The previous page contains notes on two separate prosecutions, the first against a Christian named Johannes de Bui, and the second against a Jew named Macipetus Maurelli."
da74a88a-12ea-4a7d-a694-98e407c5b349,Inventory of Hugo Augerii (AMM 2 II 460),AMM 2 II 460 (Augerii),"Archives municipales de la ville de Marseille, Charter 2 II 460",Latin,22-Jan-1360,Inventory-Insolvency,"Marseille, Bouches-du-Rhône, France","Because the parchment recording this inventory is torn or damaged on the right-hand side, between five and eight words have been lost on each line. Even so, it is possible to make out some of the details. A woman named Alasacia Augeria, wife of Antonius Augerii, is concerned about the impending insolvency of the estate of her father-in-law, Hugo Augerii, alias Salinherii, an urban peasant. She describes how her dowry was assigned both to her father-in-law and her husband. She asks the city's bankruptcy court to assess the estate of her husband Antonius and to convey to her assets sufficient to repay her dowry of 56 florins. The act begins with a reference to Jacobus Jordani, Alexander Gomberti, and Bernardus de Conchis, who are in all likelihood the “extimatores generales” in charge of estimating the assets of insolvent estates and distributing the assets to the creditors. "
34754bd0-903e-4bb5-9ded-dce01f5dfb66,Inventory of Jacobus Jugueti (AMM 1 II 44),AMM 1 II 44 (Jugueti),"Archives municipales de la ville de Marseille, Register 1 II 44",Latin,5-Apr-1348,Inventory-Postmortem,"Marseille, Bouches-du-Rhône, France","Jacobus de Niuzellis appears in court. He announces that Jacobus Jugueti, cobbler, has died, and in his testament named Jacobus de Niuzellis as his heir. He requests permission to compile an inventory."
b8510314-5b0a-41c8-8efa-141daf8c1768,Inventory of Guillelmus Fayssati (ADBR 351E 98),ADBR 351E 98 (Fayssati),"Archives départementales des Bouches-du-Rhône, Register 351E 98",Latin,22-Aug-1397,Inventory-Quittance,"Marseille, Bouches-du-Rhône, France","Honoratus Fayssati, son of the late Guillelmus Fayssati, a notary of Marseille, acknowledges to his mother Vivauda, daughter of the late Anthonius Bonifilii, that he has received the goods  on the ensuing list. He promises to restore the goods at her request. The context is uncertain. "
ffaa7dc9-5194-4d84-8f9d-563c1acfd1ee,Inventory of Poncius Barbessaure (ADBR 355E 309),ADBR 355E 309 (Barbessaure),"Archives départementales des Bouches-du-Rhône, Register 355E 309",Latin,5-Jun-1410,Inventory-Generic,"Marseille, Bouches-du-Rhône, France","Domina Margarita, widow of the candler Poncius Barbessaure, appears in court with her son Honoratus. They explain that Poncius has died intestate. The couple's children, in addition to Honoratus, include Raymundus Barbessaure, prior of Saint-Nicolaus and monk of Saint-Victor, and Petrus and Nicholas, both of whom are serving in the army of the king. The inventory includes a number of tools-of-the-trade associated with making candles. "
7db0c512-f42f-48af-9be0-8f5c86e418d7,Inventory of Johannes Bermundi (ADBR 3B 61),ADBR 3B 61 (Bermundi),"Archives départementales des Bouches-du-Rhône, Register 3B 61",Latin,2-Jul-1359,Inventory-Postmortem,"Marseille, Bouches-du-Rhône, France","A young man named Johannes Bermundi has died from an illness, and his relatives are blaming each other for his death and fighting over his estate. In the midst of the lawsuit, it was felt necessary to draw up an inventory of his assets. The images and transcriptions provided here concern just the portion of the lawsuit where the inventory is drawn up."
ae403d30-8cd6-4a31-950d-ee0fce85551b,Inventory of Johannes Ricavi (ADBR 355E 309),ADBR 355E 309 (Ricavi),"Archives départementales des Bouches-du-Rhône, Register 355E 309",Latin,18-Dec-1410,Inventory-Taking up inheritance,"Marseille, Bouches-du-Rhône, France","Johannes died on 22 November 1410, having left a testament in which he named his son Gaspar as his heir. Gaspar appeared in court requesting permission to compile an inventory. The list of goods includes some green bed curtains depicting lilies and birds and a tapestry described as a ""historiated cloth from France for hanging behind the dining table."""
cb3e3285-1b5f-41d5-8882-0e476292a23a,Inventory of Laurencius Vassalli (ADBR 3B 145),ADBR 3B 145 (Vassalli),"Archives départementales des Bouches-du-Rhône, Register 3B 145",Latin,17-Jun-1405,Inventory-Guardianship,"Marseille, Bouches-du-Rhône, France","Bertrandus Vassalli appears in court. He explains to the judge that his brother Laurencius has died, and that he was appointed by his late brother to be the guardian for Laurens’ son Guillelmetus Vassalli. He requests permission to undertake an inventory. The resulting inventory is extensive and has many interesting objects. Laurencius's testament is also available in the DALME collection though at present it has not been edited."
dc287890-7470-46e3-a5ed-1293ab7919c0,Inventory of Lazarus Spinelli (AMM FF 1009),AMM FF 1009 (Spinelli),"Archives municipales de la ville de Marseille, Register FF 1009",Latin,12-Jun-1421,Inventory-Insolvency,"Marseille, Bouches-du-Rhône, France","At the request of Nicolay de Arena, jurist, procurator for Johannes  Terrassanti and his associates of Albengona, the estimators of the  bankruptcy court are undertaking an evaluation of the assets of the  estate of the late Lazarus Spinelli, a cooper, in order to reimburse his creditors. Since other creditors step forward, including his daughter, this is a composite record consisting of four separate lists entered at different locations in the register. The inventory includes line-item estimates of the value of the items. "
c5ff8c1a-8b6d-4085-8705-5390fdc52272,Inventory of Bertrana Caparrone (ADBR 351E 156),ADBR 351E 156 (Caparrone),"Archives départementales des Bouches-du-Rhône, Register 351E 156",Latin,8-Jun-1400,Inventory-Criminal Inquest,"Marseille, Bouches-du-Rhône, France","Very little is known about the women, Bertrana Caparrone, whose estate is inventoried here. The document appears in a set of inventories generated by the criminal court, so it is possible that her assets were being seized for some unspecified crime. Her assets include two instruments describing debts owed to her. "
adeafd1a-2a52-48fd-a085-68f963e24c4c,Testament of Laurencius Vassalli (ADBR 392E 3),ADBR 392E 3,"Archives départementales des Bouches-du-Rhône, Register 392E 3",Latin,31-May-1405,Testament,"Marseille, Bouches-du-Rhône, France",This act records the last will and testament of Laurencius Vassalli. Consult his inventory in the DALME collection.
74212cae-7cec-414e-834c-755b5458a890,Inventory of Johannes Casse (AMM 3 II 40),AMM 3 II 40 (Casse),"Archives municipales de la ville de Marseille, Charter 3 II 40",Latin,26-Aug-1391,Inventory-Postmortem,"Marseille, Bouches-du-Rhône, France","Johannes Casse was a very prominent merchant in the second half of the fourteenth century and died childless in 1391, leaving his estate to his second wife, Raynauda, for her life, and naming the Hospital of Saint-Jacques de  Galicia as the substitute heir upon her death. The inventory was partially transcribed and published in 1907 by Henri Villard (Jean Casse, armateur et marchand marseillais du XIV siècle: sa maison, son comptoire, sa bastide. Aix: Villard, 1907). The transcription provided here has been checked against the original parchment and corrected, and the elements left out by Villard, notably the debts, have been newly transcribed. The estate is interesting for the considerable number of devotional objects it contains, as well as the description it provides of Johannes's cartularies and instruments and the extensive volume of debts he owed. One of the entries refers to an instrument containing an inventory of an estate compiled on the behalf of Jacobus Bote in 1348. This refers to the inventory of Augerius Bote which may be viewed in the DALME collection, and it is not unlikely that the parchment inventory of the estate of Augerius Bote is the one that appears in the inventory of Joahnnes Casse.  The parchment includes an unusual number of emendations and notes.  As of January 2020, the charter image has been imperfectly photomerged; the DALME project will take appropriate steps soon to rectify the image at some point in the future. "
5278f1f7-25c0-473b-bca0-0caf80eac532,Inventory of Raymundus Audeberti (AMM FF 501),AMM FF 501 (Audeberti),"Archives municipales de la ville de Marseille, Register FF 501",Latin,6-Aug-1296,Inventory-Guardianship,"Marseille, Bouches-du-Rhône, France","Hugua appeared in court to announce the death of her husband, Raymundus Audeberti, a laborator of Marseille. She requested permission to be named guardian for their children Vivaudeta, Alayzeta, and Jacmetus. The estate, like those of many urban peasants, displays a fairly rudimentary assortment of household things but is well-off in terms of vineyards and fields."
